Workbook

Sheet Cmt Vs Tgt Aug-23
A1: TL/ASM | B1: 1-10 Commitment | F1: ACH TILL 1-10(JULY) | N1: 11-17 Commitment | R1: ACH TILL 11-17 | Z1: 18-28 Commitment | AD1: ACH 18-27 | AL1: Commitment Jul-23 | AP1: ACH Jul-23 | AX1: Last Booking Date
B2: BKGS | C2: IN STOCK | D2: RETAIL | E2: TP | F2: BKGS | G2: % | H2: IN STOCK | I2: % | J2: RETAIL | K2: % | L2: TP | M2: % | N2: BKGS | O2: IN STOCK | P2: RETAIL | Q2: TP | R2: BKGS | S2: % | T2: IN STOCK | U2: % | V2: RETAIL | W2: % | X2: TP | Y2: % | Z2: BKGS | AA2: IN STOCK | AB2: RETAIL | AC2: TP | AD2: BKGS | AE2: % | AF2: IN STOCK | AG2: % | AH2: RETAIL | AI2: % | AJ2: TP | AK2: % | AL2: BKGS | AM2: IN STOCK | AN2: RETAIL | AO2: TP | AP2: BKGS | AQ2: % | AR2: IN STOCK | AS2: % | AT2: RETAIL | AU2: % | AV2: TP | AW2: %
A3: NASEEHA | F3: 6 | G3: =F3/B3 -> #DIV/0! | I3: =H3/C3 -> #DIV/0! | K3: =J3/D3 -> #DIV/0! | M3: =L3/E3 -> #DIV/0! | N3: 4 | O3: 2 | P3: 3 | Q3: 2 | R3: 14 | S3: =R3/N3 -> 3.5 | T3: 1 | U3: =T3/O3 -> 0.5 | V3: 1 | W3: =V3/P3 -> 0.33333333 | X3: 2 | Y3: =X3/Q3 -> 1 | Z3: 6 | AA3: 3 | AB3: 10 | AC3: 8 | AD3: 28 | AE3: =AD3/Z3 -> 4.6666667 | AF3: 1 | AG3: =AF3/AA3 -> 0.33333333 | AH3: 8 | AI3: =AH3/AB3 -> 0.8 | AJ3: 6 | AK3: =AJ3/AC3 -> 0.75 | AN3: 10 | AP3: =F3+R3+AD3 -> 48 | AQ3: =AP3/AL3 -> #DIV/0! | AR3: =H3+T3+AF3 -> 2 | AS3: =AR3/AM3 -> #DIV/0! | AT3: =J3+V3+AH3 -> 9 | AU3: =AT3/AN3 -> 0.9 | AV3: =L3+X3+AJ3 -> 8 | AW3: =AV3/AO3 -> #DIV/0! | AX3: 45134
A4: RISHAD | F4: 10 | G4: =F4/B4 -> #DIV/0! | H4: 1 | I4: =H4/C4 -> #DIV/0! | J4: 4 | K4: =J4/D4 -> #DIV/0! | M4: =L4/E4 -> #DIV/0! | N4: 4 | O4: 2 | P4: 3 | Q4: 2 | R4: 14 | S4: =R4/N4 -> 3.5 | T4: 1 | U4: =T4/O4 -> 0.5 | V4: 1 | W4: =V4/P4 -> 0.33333333 | X4: 2 | Y4: =X4/Q4 -> 1 | Z4: 6 | AA4: 3 | AB4: 10 | AC4: 8 | AD4: 28 | AE4: =AD4/Z4 -> 4.6666667 | AF4: 1 | AG4: =AF4/AA4 -> 0.33333333 | AH4: 8 | AI4: =AH4/AB4 -> 0.8 | AJ4: 6 | AK4: =AJ4/AC4 -> 0.75 | AN4: 13 | AP4: =F4+R4+AD4 -> 52 | AQ4: =AP4/AL4 -> #DIV/0! | AR4: =H4+T4+AF4 -> 3 | AS4: =AR4/AM4 -> #DIV/0! | AT4: =J4+V4+AH4 -> 13 | AU4: =AT4/AN4 -> 1 | AV4: =L4+X4+AJ4 -> 8 | AW4: =AV4/AO4 -> #DIV/0! | AX4: 45134
A5: JISHNU | F5: 3 | G5: =F5/B5 -> #DIV/0! | H5: 1 | I5: =H5/C5 -> #DIV/0! | J5: 4 | K5: =J5/D5 -> #DIV/0! | M5: =L5/E5 -> #DIV/0! | N5: 4 | O5: 3 | P5: 3 | Q5: 3 | R5: 11 | S5: =R5/N5 -> 2.75 | U5: =T5/O5 -> 0 | V5: 1 | W5: =V5/P5 -> 0.33333333 | Y5: =X5/Q5 -> 0 | Z5: 5 | AA5: 3 | AB5: 9 | AC5: 8 | AD5: 15 | AE5: =AD5/Z5 -> 3 | AG5: =AF5/AA5 -> 0 | AH5: 7 | AI5: =AH5/AB5 -> 0.77777778 | AJ5: 7 | AK5: =AJ5/AC5 -> 0.875 | AN5: 13 | AP5: =F5+R5+AD5 -> 29 | AQ5: =AP5/AL5 -> #DIV/0! | AR5: =H5+T5+AF5 -> 1 | AS5: =AR5/AM5 -> #DIV/0! | AT5: =J5+V5+AH5 -> 12 | AU5: =AT5/AN5 -> 0.92307692 | AV5: =L5+X5+AJ5 -> 7 | AW5: =AV5/AO5 -> #DIV/0! | AX5: 45133
A6: JIJEESH | F6: 0 | G6: =F6/B6 -> #DIV/0! | H6: 0 | I6: =H6/C6 -> #DIV/0! | J6: 2 | K6: =J6/D6 -> #DIV/0! | M6: =L6/E6 -> #DIV/0! | N6: 3 | O6: 2 | P6: 2 | Q6: 2 | R6: 2 | S6: =R6/N6 -> 0.66666667 | T6: 2 | U6: =T6/O6 -> 1 | W6: =V6/P6 -> 0 | X6: 1 | Y6: =X6/Q6 -> 0.5 | Z6: 2 | AA6: 2 | AB6: 4 | AC6: 3 | AD6: 2 | AE6: =AD6/Z6 -> 1 | AG6: =AF6/AA6 -> 0 | AH6: 1 | AI6: =AH6/AB6 -> 0.25 | AJ6: 1 | AK6: =AJ6/AC6 -> 0.33333333 | AN6: 7 | AP6: =F6+R6+AD6 -> 4 | AQ6: =AP6/AL6 -> #DIV/0! | AR6: =H6+T6+AF6 -> 2 | AS6: =AR6/AM6 -> #DIV/0! | AT6: =J6+V6+AH6 -> 3 | AU6: =AT6/AN6 -> 0.42857143 | AV6: =L6+X6+AJ6 -> 2 | AW6: =AV6/AO6 -> #DIV/0! | AX6: 45125
A7: SHAGEETH | F7: 4 | G7: =F7/B7 -> #DIV/0! | H7: 2 | I7: =H7/C7 -> #DIV/0! | J7: 1 | K7: =J7/D7 -> #DIV/0! | M7: =L7/E7 -> #DIV/0! | N7: 2 | O7: 2 | P7: 1 | Q7: 1 | R7: 7 | S7: =R7/N7 -> 3.5 | T7: 1 | U7: =T7/O7 -> 0.5 | W7: =V7/P7 -> 0 | Y7: =X7/Q7 -> 0 | Z7: 3 | AA7: 2 | AB7: 7 | AC7: 5 | AD7: 9 | AE7: =AD7/Z7 -> 3 | AF7: 3 | AG7: =AF7/AA7 -> 1.5 | AH7: 5 | AI7: =AH7/AB7 -> 0.71428571 | AJ7: 3 | AK7: =AJ7/AC7 -> 0.6 | AN7: 10 | AP7: =F7+R7+AD7 -> 20 | AQ7: =AP7/AL7 -> #DIV/0! | AR7: =H7+T7+AF7 -> 6 | AS7: =AR7/AM7 -> #DIV/0! | AT7: =J7+V7+AH7 -> 6 | AU7: =AT7/AN7 -> 0.6 | AV7: =L7+X7+AJ7 -> 3 | AW7: =AV7/AO7 -> #DIV/0! | AX7: 45133
A8: KHAYYOOM | F8: 0 | G8: =F8/B8 -> #DIV/0! | H8: 0 | I8: =H8/C8 -> #DIV/0! | J8: 0 | K8: =J8/D8 -> #DIV/0! | M8: =L8/E8 -> #DIV/0! | N8: 1 | O8: 1 | P8: 1 | Q8: 0 | R8: 3 | S8: =R8/N8 -> 3 | U8: =T8/O8 -> 0 | W8: =V8/P8 -> 0 | Y8: =X8/Q8 -> #DIV/0! | Z8: 2 | AA8: 2 | AB8: 2 | AC8: 2 | AD8: 2 | AE8: =AD8/Z8 -> 1 | AG8: =AF8/AA8 -> 0 | AH8: 1 | AI8: =AH8/AB8 -> 0.5 | AK8: =AJ8/AC8 -> 0 | AN8: 3 | AP8: =F8+R8+AD8 -> 5 | AQ8: =AP8/AL8 -> #DIV/0! | AR8: =H8+T8+AF8 -> 0 | AS8: =AR8/AM8 -> #DIV/0! | AT8: =J8+V8+AH8 -> 1 | AU8: =AT8/AN8 -> 0.33333333 | AV8: =L8+X8+AJ8 -> 0 | AW8: =AV8/AO8 -> #DIV/0! | AX8: 45126
A9: MALAPPURAM | B9: =SUM(B3:B8) -> 0 | C9: =SUM(C3:C8) -> 0 | D9: =SUM(D3:D8) -> 0 | E9: =SUM(E3:E8) -> 0 | F9: =SUM(F3:F8) -> 23 | G9: =F9/B9 -> #DIV/0! | H9: =SUM(H3:H8) -> 4 | I9: =H9/C9 -> #DIV/0! | J9: =SUM(J3:J8) -> 11 | K9: =J9/D9 -> #DIV/0! | L9: =SUM(L3:L8) -> 0 | M9: =L9/E9 -> #DIV/0! | N9: =SUM(N3:N8) -> 18 | O9: =SUM(O3:O8) -> 12 | P9: =SUM(P3:P8) -> 13 | Q9: =SUM(Q3:Q8) -> 10 | R9: =SUM(R3:R8) -> 51 | S9: =R9/N9 -> 2.8333333 | T9: =SUM(T3:T8) -> 5 | U9: =T9/O9 -> 0.41666667 | V9: =SUM(V3:V8) -> 3 | W9: =V9/P9 -> 0.23076923 | X9: =SUM(X3:X8) -> 5 | Y9: =X9/Q9 -> 0.5 | Z9: =SUM(Z3:Z8) -> 24 | AA9: =SUM(AA3:AA8) -> 15 | AB9: =SUM(AB3:AB8) -> 42 | AC9: =SUM(AC3:AC8) -> 34 | AD9: =SUM(AD3:AD8) -> 84 | AE9: =AD9/Z9 -> 3.5 | AF9: =SUM(AF3:AF8) -> 5 | AG9: =AF9/AA9 -> 0.33333333 | AH9: =SUM(AH3:AH8) -> 30 | AI9: =AH9/AB9 -> 0.71428571 | AJ9: =SUM(AJ3:AJ8) -> 23 | AK9: =AJ9/AC9 -> 0.67647059 | AL9: =SUM(AL3:AL8) -> 0 | AM9: =SUM(AM3:AM8) -> 0 | AN9: =SUM(AN3:AN8) -> 56 | AO9: =SUM(AO3:AO8) -> 0 | AP9: =SUM(AP3:AP8) -> 158 | AQ9: =AP9-AL9 -> 158 | AR9: =SUM(AR3:AR8) -> 14 | AS9: =AR9-AM9 -> 14 | AT9: =SUM(AT3:AT8) -> 44 | AU9: =AT9/AN9 -> 0.78571429 | AV9: =SUM(AV3:AV8) -> 28 | AW9: =AV9/AO9 -> #DIV/0!
A10: SANEESH | F10: 11 | G10: =F10/B10 -> #DIV/0! | I10: =H10/C10 -> #DIV/0! | J10: 3 | K10: =J10/D10 -> #DIV/0! | M10: =L10/E10 -> #DIV/0! | N10: 3 | O10: 2 | P10: 3 | Q10: 2 | R10: 7 | S10: =R10/N10 -> 2.3333333 | T10: 2 | U10: =T10/O10 -> 1 | W10: =V10/P10 -> 0 | Y10: =X10/Q10 -> 0 | Z10: 10 | AA10: 2 | AB10: 10 | AC10: 8 | AD10: 21 | AE10: =AD10/Z10 -> 2.1 | AG10: =AF10/AA10 -> 0 | AH10: 10 | AI10: =AH10/AB10 -> 1 | AJ10: 8 | AK10: =AJ10/AC10 -> 1 | AN10: 15 | AP10: =F10+R10+AD10 -> 39 | AQ10: =AP10/AL10 -> #DIV/0! | AR10: =H10+T10+AF10 -> 2 | AS10: =AR10/AM10 -> #DIV/0! | AT10: =J10+V10+AH10 -> 13 | AU10: =AT10/AN10 -> 0.86666667 | AV10: =L10+X10+AJ10 -> 8 | AW10: =AV10/AO10 -> #DIV/0! | AX10: 45134
A11: EDAPPAL | F11: 11 | G11: =F11/B11 -> #DIV/0! | I11: =H11/C11 -> #DIV/0! | J11: 2 | K11: =J11/D11 -> #DIV/0! | M11: =L11/E11 -> #DIV/0! | N11: 3 | O11: 2 | P11: 3 | Q11: 2 | R11: 7 | S11: =R11/N11 -> 2.3333333 | T11: 1 | U11: =T11/O11 -> 0.5 | V11: 1 | W11: =V11/P11 -> 0.33333333 | Y11: =X11/Q11 -> 0 | Z11: 8 | AA11: 2 | AB11: 8 | AC11: 6 | AD11: 6 | AE11: =AD11/Z11 -> 0.75 | AF11: 2 | AG11: =AF11/AA11 -> 1 | AH11: 3 | AI11: =AH11/AB11 -> 0.375 | AJ11: 3 | AK11: =AJ11/AC11 -> 0.5 | AN11: 10 | AP11: =F11+R11+AD11 -> 24 | AQ11: =AP11/AL11 -> #DIV/0! | AR11: =H11+T11+AF11 -> 3 | AS11: =AR11/AM11 -> #DIV/0! | AT11: =J11+V11+AH11 -> 6 | AU11: =AT11/AN11 -> 0.6 | AV11: =L11+X11+AJ11 -> 3 | AW11: =AV11/AO11 -> #DIV/0! | AX11: 45129
A12: SUMESH | F12: 2 | G12: =F12/B12 -> #DIV/0! | I12: =H12/C12 -> #DIV/0! | K12: =J12/D12 -> #DIV/0! | M12: =L12/E12 -> #DIV/0! | N12: 2 | O12: 1 | P12: 1 | Q12: 1 | R12: 2 | S12: =R12/N12 -> 1 | U12: =T12/O12 -> 0 | W12: =V12/P12 -> 0 | Y12: =X12/Q12 -> 0 | Z12: 4 | AA12: 2 | AB12: 4 | AC12: 3 | AD12: 6 | AE12: =AD12/Z12 -> 1.5 | AG12: =AF12/AA12 -> 0 | AH12: 1 | AI12: =AH12/AB12 -> 0.25 | AJ12: 1 | AK12: =AJ12/AC12 -> 0.33333333 | AN12: 6 | AP12: =F12+R12+AD12 -> 10 | AQ12: =AP12/AL12 -> #DIV/0! | AR12: =H12+T12+AF12 -> 0 | AS12: =AR12/AM12 -> #DIV/0! | AT12: =J12+V12+AH12 -> 1 | AU12: =AT12/AN12 -> 0.16666667 | AV12: =L12+X12+AJ12 -> 1 | AW12: =AV12/AO12 -> #DIV/0! | AX12: 45132
A13: KOTTAKKAL | B13: =SUM(B10:B12) -> 0 | C13: =SUM(C10:C12) -> 0 | D13: =SUM(D10:D12) -> 0 | E13: =SUM(E10:E12) -> 0 | F13: =SUM(F10:F12) -> 24 | G13: =F13/B13 -> #DIV/0! | H13: =SUM(H10:H12) -> 0 | I13: =H13/C13 -> #DIV/0! | J13: =SUM(J10:J12) -> 5 | K13: =J13/D13 -> #DIV/0! | L13: =SUM(L10:L12) -> 0 | M13: =L13/E13 -> #DIV/0! | N13: =SUM(N10:N12) -> 8 | O13: =SUM(O10:O12) -> 5 | P13: =SUM(P10:P12) -> 7 | Q13: =SUM(Q10:Q12) -> 5 | R13: =SUM(R10:R12) -> 16 | S13: =R13/N13 -> 2 | T13: =SUM(T10:T12) -> 3 | U13: =T13/O13 -> 0.6 | V13: =SUM(V10:V12) -> 1 | W13: =V13/P13 -> 0.14285714 | X13: =SUM(X10:X12) -> 0 | Y13: =X13/Q13 -> 0 | Z13: =SUM(Z10:Z12) -> 22 | AA13: =SUM(AA10:AA12) -> 6 | AB13: =SUM(AB10:AB12) -> 22 | AC13: =SUM(AC10:AC12) -> 17 | AD13: =SUM(AD10:AD12) -> 33 | AE13: =AD13/Z13 -> 1.5 | AF13: =SUM(AF10:AF12) -> 2 | AG13: =AF13/AA13 -> 0.33333333 | AH13: =SUM(AH10:AH12) -> 14 | AI13: =AH13/AB13 -> 0.63636364 | AJ13: =SUM(AJ10:AJ12) -> 12 | AK13: =AJ13/AC13 -> 0.70588235 | AL13: =SUM(AL10:AL12) -> 0 | AM13: =SUM(AM10:AM12) -> 0 | AN13: =SUM(AN10:AN12) -> 31 | AO13: =SUM(AO10:AO12) -> 0 | AP13: =SUM(AP10:AP12) -> 73 | AQ13: =AP13-AL13 -> 73 | AR13: =SUM(AR10:AR12) -> 5 | AS13: =AR13-AM13 -> 5 | AT13: =SUM(AT10:AT12) -> 20 | AU13: =AT13-AN13 -> -11 | AV13: =SUM(AV10:AV12) -> 12 | AW13: =AV13/AO13 -> #DIV/0!
A14: TOTAL | B14: =SUM(B13+B9) -> 0 | C14: =SUM(C13+C9) -> 0 | D14: =SUM(D13+D9) -> 0 | E14: =SUM(E13+E9) -> 0 | F14: =SUM(F13+F9) -> 47 | G14: =F14/B14 -> #DIV/0! | H14: =SUM(H13+H9) -> 4 | I14: =H14/C14 -> #DIV/0! | J14: =SUM(J13+J9) -> 16 | K14: =J14/D14 -> #DIV/0! | L14: =SUM(L13+L9) -> 0 | M14: =L14/E14 -> #DIV/0! | N14: =SUM(N13+N9) -> 26 | O14: =SUM(O13+O9) -> 17 | P14: =SUM(P13+P9) -> 20 | Q14: =SUM(Q13+Q9) -> 15 | R14: =SUM(R13+R9) -> 67 | S14: =R14/N14 -> 2.5769231 | T14: =SUM(T13+T9) -> 8 | U14: =T14/O14 -> 0.47058824 | V14: =SUM(V13+V9) -> 4 | W14: =V14/P14 -> 0.2 | X14: =SUM(X13+X9) -> 5 | Y14: =X14/Q14 -> 0.33333333 | Z14: =SUM(Z13+Z9) -> 46 | AA14: =SUM(AA13+AA9) -> 21 | AB14: =SUM(AB13+AB9) -> 64 | AC14: =SUM(AC13+AC9) -> 51 | AD14: =SUM(AD13+AD9) -> 117 | AE14: =AD14/Z14 -> 2.5434783 | AF14: =SUM(AF13+AF9) -> 7 | AG14: =AF14/AA14 -> 0.33333333 | AH14: =SUM(AH13+AH9) -> 44 | AI14: =AH14/AB14 -> 0.6875 | AJ14: =SUM(AJ13+AJ9) -> 35 | AK14: =AJ14/AC14 -> 0.68627451 | AL14: =SUM(AL13+AL9) -> 0 | AM14: =SUM(AM13+AM9) -> 0 | AN14: =SUM(AN13+AN9) -> 87 | AO14: =SUM(AO13+AO9) -> 0 | AP14: =SUM(AP13+AP9) -> 231 | AQ14: =AP14-AL14 -> 231 | AR14: =SUM(AR13+AR9) -> 19 | AS14: =AR14-AM14 -> 19 | AT14: =SUM(AT13+AT9) -> 64 | AU14: =AT14-AN14 -> -23 | AV14: =SUM(AV13+AV9) -> 40 | AW14: =AV14/AO14 -> #DIV/0!

Sheet Cmt Vs Tgt Jul-23
A1: TL/ASM | B1: 1-10 Commitment | F1: ACH TILL 1-10(JULY) | N1: 11-17 Commitment | R1: ACH TILL 11-17 | Z1: 18-28 Commitment | AD1: ACH 18-27 | AL1: Commitment Jul-23 | AP1: ACH Jul-23 | AX1: Last Booking Date
B2: BKGS | C2: IN STOCK | D2: RETAIL | E2: TP | F2: BKGS | G2: % | H2: IN STOCK | I2: % | J2: RETAIL | K2: % | L2: TP | M2: % | N2: BKGS | O2: IN STOCK | P2: RETAIL | Q2: TP | R2: BKGS | S2: % | T2: IN STOCK | U2: % | V2: RETAIL | W2: % | X2: TP | Y2: % | Z2: BKGS | AA2: IN STOCK | AB2: RETAIL | AC2: TP | AD2: BKGS | AE2: % | AF2: IN STOCK | AG2: % | AH2: RETAIL | AI2: % | AJ2: TP | AK2: % | AL2: BKGS | AM2: IN STOCK | AN2: RETAIL | AO2: TP | AP2: BKGS | AQ2: % | AR2: IN STOCK | AS2: % | AT2: RETAIL | AU2: % | AV2: TP | AW2: %
A3: RISHAD | B3: 4 | C3: 2 | D3: 1 | E3: 1 | F3: 5 | G3: =F3/B3 -> 1.25 | H3: 0 | I3: =H3/C3 -> 0 | J3: 1 | K3: =J3/D3 -> 1 | M3: =L3/E3 -> 0 | N3: 4 | O3: 2 | P3: 3 | Q3: 2 | R3: 14 | S3: =R3/N3 -> 3.5 | T3: 1 | U3: =T3/O3 -> 0.5 | V3: 1 | W3: =V3/P3 -> 0.33333333 | X3: 2 | Y3: =X3/Q3 -> 1 | Z3: 6 | AA3: 3 | AB3: 10 | AC3: 8 | AD3: 28 | AE3: =AD3/Z3 -> 4.6666667 | AF3: 1 | AG3: =AF3/AA3 -> 0.33333333 | AH3: 8 | AI3: =AH3/AB3 -> 0.8 | AJ3: 6 | AK3: =AJ3/AC3 -> 0.75 | AL3: =B3+N3+Z3 -> 14 | AM3: =C3+O3+AA3 -> 7 | AN3: 12 | AO3: 10 | AP3: =F3+R3+AD3 -> 47 | AQ3: =AP3/AL3 -> 3.3571429 | AR3: =H3+T3+AF3 -> 2 | AS3: =AR3/AM3 -> 0.28571429 | AT3: =J3+V3+AH3 -> 10 | AU3: =AT3/AN3 -> 0.83333333 | AV3: =L3+X3+AJ3 -> 8 | AW3: =AV3/AO3 -> 0.8 | AX3: 45134
A4: JISHNU | B4: 4 | C4: 1 | D4: 1 | E4: 1 | F4: 4 | G4: =F4/B4 -> 1 | H4: 0 | I4: =H4/C4 -> 0 | J4: 2 | K4: =J4/D4 -> 2 | L4: 5 | M4: =L4/E4 -> 5 | N4: 4 | O4: 3 | P4: 3 | Q4: 3 | R4: 11 | S4: =R4/N4 -> 2.75 | U4: =T4/O4 -> 0 | V4: 1 | W4: =V4/P4 -> 0.33333333 | Y4: =X4/Q4 -> 0 | Z4: 5 | AA4: 3 | AB4: 9 | AC4: 8 | AD4: 15 | AE4: =AD4/Z4 -> 3 | AG4: =AF4/AA4 -> 0 | AH4: 7 | AI4: =AH4/AB4 -> 0.77777778 | AJ4: 7 | AK4: =AJ4/AC4 -> 0.875 | AL4: =B4+N4+Z4 -> 13 | AM4: =C4+O4+AA4 -> 7 | AN4: 12 | AO4: 10 | AP4: =F4+R4+AD4 -> 30 | AQ4: =AP4/AL4 -> 2.3076923 | AR4: =H4+T4+AF4 -> 0 | AS4: =AR4/AM4 -> 0 | AT4: =J4+V4+AH4 -> 10 | AU4: =AT4/AN4 -> 0.83333333 | AV4: =L4+X4+AJ4 -> 12 | AW4: =AV4/AO4 -> 1.2 | AX4: 45133
A5: JIJEESH | B5: 2 | C5: 2 | D5: 0 | E5: 1 | F5: 2 | G5: =F5/B5 -> 1 | H5: 0 | I5: =H5/C5 -> 0 | J5: 1 | K5: =J5/D5 -> #DIV/0! | M5: =L5/E5 -> 0 | N5: 3 | O5: 2 | P5: 2 | Q5: 2 | R5: 2 | S5: =R5/N5 -> 0.66666667 | T5: 2 | U5: =T5/O5 -> 1 | W5: =V5/P5 -> 0 | X5: 1 | Y5: =X5/Q5 -> 0.5 | Z5: 2 | AA5: 2 | AB5: 4 | AC5: 3 | AD5: 2 | AE5: =AD5/Z5 -> 1 | AG5: =AF5/AA5 -> 0 | AH5: 1 | AI5: =AH5/AB5 -> 0.25 | AJ5: 1 | AK5: =AJ5/AC5 -> 0.33333333 | AL5: =B5+N5+Z5 -> 7 | AM5: =C5+O5+AA5 -> 6 | AN5: 5 | AO5: 4 | AP5: =F5+R5+AD5 -> 6 | AQ5: =AP5/AL5 -> 0.85714286 | AR5: =H5+T5+AF5 -> 2 | AS5: =AR5/AM5 -> 0.33333333 | AT5: =J5+V5+AH5 -> 2 | AU5: =AT5/AN5 -> 0.4 | AV5: =L5+X5+AJ5 -> 2 | AW5: =AV5/AO5 -> 0.5 | AX5: 45125
A6: SHAGEETH | B6: 2 | C6: 1 | D6: 1 | E6: 1 | F6: 0 | G6: =F6/B6 -> 0 | H6: 0 | I6: =H6/C6 -> 0 | K6: =J6/D6 -> 0 | L6: 1 | M6: =L6/E6 -> 1 | N6: 2 | O6: 2 | P6: 1 | Q6: 1 | R6: 7 | S6: =R6/N6 -> 3.5 | T6: 1 | U6: =T6/O6 -> 0.5 | W6: =V6/P6 -> 0 | Y6: =X6/Q6 -> 0 | Z6: 3 | AA6: 2 | AB6: 7 | AC6: 5 | AD6: 9 | AE6: =AD6/Z6 -> 3 | AF6: 3 | AG6: =AF6/AA6 -> 1.5 | AH6: 5 | AI6: =AH6/AB6 -> 0.71428571 | AJ6: 3 | AK6: =AJ6/AC6 -> 0.6 | AL6: =B6+N6+Z6 -> 7 | AM6: =C6+O6+AA6 -> 5 | AN6: 8 | AO6: 7 | AP6: =F6+R6+AD6 -> 16 | AQ6: =AP6/AL6 -> 2.2857143 | AR6: =H6+T6+AF6 -> 4 | AS6: =AR6/AM6 -> 0.8 | AT6: =J6+V6+AH6 -> 5 | AU6: =AT6/AN6 -> 0.625 | AV6: =L6+X6+AJ6 -> 4 | AW6: =AV6/AO6 -> 0.57142857 | AX6: 45133
A7: KHAYYOOM | B7: 1 | C7: 1 | D7: 0 | E7: 0 | F7: 0 | G7: =F7/B7 -> 0 | H7: 0 | I7: =H7/C7 -> 0 | K7: =J7/D7 -> #DIV/0! | M7: =L7/E7 -> #DIV/0! | N7: 1 | O7: 1 | P7: 1 | Q7: 0 | R7: 3 | S7: =R7/N7 -> 3 | U7: =T7/O7 -> 0 | W7: =V7/P7 -> 0 | Y7: =X7/Q7 -> #DIV/0! | Z7: 2 | AA7: 2 | AB7: 2 | AC7: 2 | AD7: 2 | AE7: =AD7/Z7 -> 1 | AG7: =AF7/AA7 -> 0 | AH7: 1 | AI7: =AH7/AB7 -> 0.5 | AK7: =AJ7/AC7 -> 0 | AL7: =B7+N7+Z7 -> 4 | AM7: =C7+O7+AA7 -> 4 | AN7: 2 | AO7: 2 | AP7: =F7+R7+AD7 -> 5 | AQ7: =AP7/AL7 -> 1.25 | AR7: =H7+T7+AF7 -> 0 | AS7: =AR7/AM7 -> 0 | AT7: =J7+V7+AH7 -> 1 | AU7: =AT7/AN7 -> 0.5 | AV7: =L7+X7+AJ7 -> 0 | AW7: =AV7/AO7 -> 0 | AX7: 45126
A8: MALAPPURAM | B8: =SUM(B3:B7) -> 13 | C8: =SUM(C3:C7) -> 7 | D8: =SUM(D3:D7) -> 3 | E8: =SUM(E3:E7) -> 4 | F8: =SUM(F3:F7) -> 11 | G8: =F8/B8 -> 0.84615385 | H8: =SUM(H3:H7) -> 0 | I8: =H8/C8 -> 0 | J8: =SUM(J3:J7) -> 4 | K8: =J8/D8 -> 1.3333333 | L8: =SUM(L3:L7) -> 6 | M8: =L8/E8 -> 1.5 | N8: =SUM(N3:N7) -> 14 | O8: =SUM(O3:O7) -> 10 | P8: =SUM(P3:P7) -> 10 | Q8: =SUM(Q3:Q7) -> 8 | R8: =SUM(R3:R7) -> 37 | S8: =R8/N8 -> 2.6428571 | T8: =SUM(T3:T7) -> 4 | U8: =T8/O8 -> 0.4 | V8: =SUM(V3:V7) -> 2 | W8: =V8/P8 -> 0.2 | X8: =SUM(X3:X7) -> 3 | Y8: =X8/Q8 -> 0.375 | Z8: =SUM(Z3:Z7) -> 18 | AA8: =SUM(AA3:AA7) -> 12 | AB8: =SUM(AB3:AB7) -> 32 | AC8: =SUM(AC3:AC7) -> 26 | AD8: =SUM(AD3:AD7) -> 56 | AE8: =AD8/Z8 -> 3.1111111 | AF8: =SUM(AF3:AF7) -> 4 | AG8: =AF8/AA8 -> 0.33333333 | AH8: =SUM(AH3:AH7) -> 22 | AI8: =AH8/AB8 -> 0.6875 | AJ8: =SUM(AJ3:AJ7) -> 17 | AK8: =AJ8/AC8 -> 0.65384615 | AL8: =SUM(AL3:AL7) -> 45 | AM8: =SUM(AM3:AM7) -> 29 | AN8: =SUM(AN3:AN7) -> 39 | AO8: =SUM(AO3:AO7) -> 33 | AP8: =SUM(AP3:AP7) -> 104 | AQ8: =AP8-AL8 -> 59 | AR8: =SUM(AR3:AR7) -> 8 | AS8: =AR8-AM8 -> -21 | AT8: =SUM(AT3:AT7) -> 28 | AU8: =AT8/AN8 -> 0.71794872 | AV8: =SUM(AV3:AV7) -> 26 | AW8: =AV8/AO8 -> 0.78787879
A9: SANEESH | B9: 3 | C9: 1 | D9: 1 | E9: 1 | F9: 4 | G9: =F9/B9 -> 1.3333333 | H9: 0 | I9: =H9/C9 -> 0 | K9: =J9/D9 -> 0 | M9: =L9/E9 -> 0 | N9: 3 | O9: 2 | P9: 3 | Q9: 2 | R9: 7 | S9: =R9/N9 -> 2.3333333 | T9: 2 | U9: =T9/O9 -> 1 | W9: =V9/P9 -> 0 | Y9: =X9/Q9 -> 0 | Z9: 10 | AA9: 2 | AB9: 10 | AC9: 8 | AD9: 21 | AE9: =AD9/Z9 -> 2.1 | AG9: =AF9/AA9 -> 0 | AH9: 10 | AI9: =AH9/AB9 -> 1 | AJ9: 8 | AK9: =AJ9/AC9 -> 1 | AL9: =B9+N9+Z9 -> 16 | AM9: =C9+O9+AA9 -> 5 | AN9: 10 | AO9: 9 | AP9: =F9+R9+AD9 -> 32 | AQ9: =AP9/AL9 -> 2 | AR9: =H9+T9+AF9 -> 2 | AS9: =AR9/AM9 -> 0.4 | AT9: =J9+V9+AH9 -> 10 | AU9: =AT9/AN9 -> 1 | AV9: =L9+X9+AJ9 -> 8 | AW9: =AV9/AO9 -> 0.88888889 | AX9: 45134
A10: EDAPPAL | B10: 2 | C10: 1 | D10: 1 | E10: 1 | F10: 1 | G10: =F10/B10 -> 0.5 | H10: 0 | I10: =H10/C10 -> 0 | K10: =J10/D10 -> 0 | L10: 2 | M10: =L10/E10 -> 2 | N10: 3 | O10: 2 | P10: 3 | Q10: 2 | R10: 7 | S10: =R10/N10 -> 2.3333333 | T10: 1 | U10: =T10/O10 -> 0.5 | V10: 1 | W10: =V10/P10 -> 0.33333333 | Y10: =X10/Q10 -> 0 | Z10: 8 | AA10: 2 | AB10: 8 | AC10: 6 | AD10: 6 | AE10: =AD10/Z10 -> 0.75 | AF10: 2 | AG10: =AF10/AA10 -> 1 | AH10: 3 | AI10: =AH10/AB10 -> 0.375 | AJ10: 3 | AK10: =AJ10/AC10 -> 0.5 | AL10: =B10+N10+Z10 -> 13 | AM10: =C10+O10+AA10 -> 5 | AN10: 9 | AO10: 7 | AP10: =F10+R10+AD10 -> 14 | AQ10: =AP10/AL10 -> 1.0769231 | AR10: =H10+T10+AF10 -> 3 | AS10: =AR10/AM10 -> 0.6 | AT10: =J10+V10+AH10 -> 4 | AU10: =AT10/AN10 -> 0.44444444 | AV10: =L10+X10+AJ10 -> 5 | AW10: =AV10/AO10 -> 0.71428571 | AX10: 45129
A11: SUMESH | B11: 2 | C11: 1 | D11: 1 | E11: 1 | F11: 1 | G11: =F11/B11 -> 0.5 | H11: 0 | I11: =H11/C11 -> 0 | J11: 1 | K11: =J11/D11 -> 1 | M11: =L11/E11 -> 0 | N11: 2 | O11: 1 | P11: 1 | Q11: 1 | R11: 2 | S11: =R11/N11 -> 1 | U11: =T11/O11 -> 0 | W11: =V11/P11 -> 0 | Y11: =X11/Q11 -> 0 | Z11: 4 | AA11: 2 | AB11: 4 | AC11: 3 | AD11: 6 | AE11: =AD11/Z11 -> 1.5 | AG11: =AF11/AA11 -> 0 | AH11: 1 | AI11: =AH11/AB11 -> 0.25 | AJ11: 1 | AK11: =AJ11/AC11 -> 0.33333333 | AL11: =B11+N11+Z11 -> 8 | AM11: =C11+O11+AA11 -> 4 | AN11: 5 | AO11: 4 | AP11: =F11+R11+AD11 -> 9 | AQ11: =AP11/AL11 -> 1.125 | AR11: =H11+T11+AF11 -> 0 | AS11: =AR11/AM11 -> 0 | AT11: =J11+V11+AH11 -> 2 | AU11: =AT11/AN11 -> 0.4 | AV11: =L11+X11+AJ11 -> 1 | AW11: =AV11/AO11 -> 0.25 | AX11: 45132
A12: KOTTAKKAL | B12: =SUM(B9:B11) -> 7 | C12: =SUM(C9:C11) -> 3 | D12: =SUM(D9:D11) -> 3 | E12: =SUM(E9:E11) -> 3 | F12: =SUM(F9:F11) -> 6 | G12: =F12/B12 -> 0.85714286 | H12: =SUM(H9:H11) -> 0 | I12: =H12/C12 -> 0 | J12: =SUM(J9:J11) -> 1 | K12: =J12/D12 -> 0.33333333 | L12: =SUM(L9:L11) -> 2 | M12: =L12/E12 -> 0.66666667 | N12: =SUM(N9:N11) -> 8 | O12: =SUM(O9:O11) -> 5 | P12: =SUM(P9:P11) -> 7 | Q12: =SUM(Q9:Q11) -> 5 | R12: =SUM(R9:R11) -> 16 | S12: =R12/N12 -> 2 | T12: =SUM(T9:T11) -> 3 | U12: =T12/O12 -> 0.6 | V12: =SUM(V9:V11) -> 1 | W12: =V12/P12 -> 0.14285714 | X12: =SUM(X9:X11) -> 0 | Y12: =X12/Q12 -> 0 | Z12: =SUM(Z9:Z11) -> 22 | AA12: =SUM(AA9:AA11) -> 6 | AB12: =SUM(AB9:AB11) -> 22 | AC12: =SUM(AC9:AC11) -> 17 | AD12: =SUM(AD9:AD11) -> 33 | AE12: =AD12/Z12 -> 1.5 | AF12: =SUM(AF9:AF11) -> 2 | AG12: =AF12/AA12 -> 0.33333333 | AH12: =SUM(AH9:AH11) -> 14 | AI12: =AH12/AB12 -> 0.63636364 | AJ12: =SUM(AJ9:AJ11) -> 12 | AK12: =AJ12/AC12 -> 0.70588235 | AL12: =SUM(AL9:AL11) -> 37 | AM12: =SUM(AM9:AM11) -> 14 | AN12: =SUM(AN9:AN11) -> 24 | AO12: =SUM(AO9:AO11) -> 20 | AP12: =SUM(AP9:AP11) -> 55 | AQ12: =AP12-AL12 -> 18 | AR12: =SUM(AR9:AR11) -> 5 | AS12: =AR12-AM12 -> -9 | AT12: =SUM(AT9:AT11) -> 16 | AU12: =AT12-AN12 -> -8 | AV12: =SUM(AV9:AV11) -> 14 | AW12: =AV12/AO12 -> 0.7
A13: TOTAL | B13: =SUM(B12+B8) -> 20 | C13: =SUM(C12+C8) -> 10 | D13: =SUM(D12+D8) -> 6 | E13: =SUM(E12+E8) -> 7 | F13: =SUM(F12+F8) -> 17 | G13: =F13/B13 -> 0.85 | H13: =SUM(H12+H8) -> 0 | I13: =H13/C13 -> 0 | J13: =SUM(J12+J8) -> 5 | K13: =J13/D13 -> 0.83333333 | L13: =SUM(L12+L8) -> 8 | M13: =L13/E13 -> 1.1428571 | N13: =SUM(N12+N8) -> 22 | O13: =SUM(O12+O8) -> 15 | P13: =SUM(P12+P8) -> 17 | Q13: =SUM(Q12+Q8) -> 13 | R13: =SUM(R12+R8) -> 53 | S13: =R13/N13 -> 2.4090909 | T13: =SUM(T12+T8) -> 7 | U13: =T13/O13 -> 0.46666667 | V13: =SUM(V12+V8) -> 3 | W13: =V13/P13 -> 0.17647059 | X13: =SUM(X12+X8) -> 3 | Y13: =X13/Q13 -> 0.23076923 | Z13: =SUM(Z12+Z8) -> 40 | AA13: =SUM(AA12+AA8) -> 18 | AB13: =SUM(AB12+AB8) -> 54 | AC13: =SUM(AC12+AC8) -> 43 | AD13: =SUM(AD12+AD8) -> 89 | AE13: =AD13/Z13 -> 2.225 | AF13: =SUM(AF12+AF8) -> 6 | AG13: =AF13/AA13 -> 0.33333333 | AH13: =SUM(AH12+AH8) -> 36 | AI13: =AH13/AB13 -> 0.66666667 | AJ13: =SUM(AJ12+AJ8) -> 29 | AK13: =AJ13/AC13 -> 0.6744186 | AL13: =SUM(AL12+AL8) -> 82 | AM13: =SUM(AM12+AM8) -> 43 | AN13: =SUM(AN12+AN8) -> 63 | AO13: =SUM(AO12+AO8) -> 53 | AP13: =SUM(AP12+AP8) -> 159 | AQ13: =AP13-AL13 -> 77 | AR13: =SUM(AR12+AR8) -> 13 | AS13: =AR13-AM13 -> -30 | AT13: =SUM(AT12+AT8) -> 44 | AU13: =AT13-AN13 -> -19 | AV13: =SUM(AV12+AV8) -> 40 | AW13: =AV13/AO13 -> 0.75471698

Sheet Compare
A1: Month Comparison
A2: TL/ASM | B2: ACH TILL 1-10(JUNE) | E2: ACH TILL 1-10(JULY) | H2: July Commitment
B3: BKGS | C3: IN STOCK | D3: RETAIL | E3: BKGS | F3: IN STOCK | G3: RETAIL | H3: RETAIL
A4: RISHAD | B4: 5 | C4: 4 | D4: 0 | E4: 5 | F4: 0 | G4: 1 | H4: 12
A5: JISHNU | B5: 6 | C5: 4 | D5: 2 | E5: 4 | F5: 0 | G5: 2 | H5: 12
A6: JIJEESH | B6: 2 | C6: 0 | D6: 0 | E6: 2 | F6: 0 | G6: 1 | H6: 5
A7: JYOTHISH | B7: 2 | C7: 0 | D7: 0 | E7: 0 | F7: 0 | G7: 0 | H7: 8
A8: KHAYYOOM | B8: - | C8: - | D8: - | E8: 0 | F8: 0 | G8: 0 | H8: 2
A9: MALAPPURAM | B9: =SUM(B4:B7) -> 15 | C9: =SUM(C4:C7) -> 8 | D9: =SUM(D4:D7) -> 2 | E9: =SUM(E4:E8) -> 11 | F9: =SUM(F4:F8) -> 0 | G9: =SUM(G4:G8) -> 4 | H9: =SUM(H4:H8) -> 39
A10: SANEESH | B10: 5 | C10: 1 | D10: 1 | E10: 4 | F10: 0 | G10: 0 | H10: 10
A11: SANDEEP | B11: 3 | C11: 0 | D11: 0 | E11: 1 | F11: 0 | G11: 0 | H11: 9
A12: SUMESH | B12: 2 | C12: 1 | D12: 0 | E12: 1 | F12: 0 | G12: 1 | H12: 5
A13: KOTTAKKAL | B13: =SUM(B10:B12) -> 10 | C13: =SUM(C10:C12) -> 2 | D13: =SUM(D10:D12) -> 1 | E13: =SUM(E10:E12) -> 6 | F13: =SUM(F10:F12) -> 0 | G13: =SUM(G10:G12) -> 1 | H13: =SUM(H10:H12) -> 24
A14: TOTAL | B14: =SUM(B13+B9) -> 25 | C14: =SUM(C13+C9) -> 10 | D14: =SUM(D13+D9) -> 3 | E14: =SUM(E13+E9) -> 17 | F14: =SUM(F13+F9) -> 0 | G14: =SUM(G13+G9) -> 5 | H14: =SUM(H13+H9) -> 63

Sheet RTO Wise Jul-23
A1: RTO WISE REPORT TILL 1--10 | I1: RTO WISE REPORT TILL 18--31
A2: RTO | B2: TOTAL | C2: CLASSIC | D2: % | E2: OTHERS | F2: % | I2: RTO | J2: TOTAL | K2: CLASSIC | L2: % | M2: OTHERS | N2: %
A3: MALAPPURAM | B3: 3 | C3: 1 | D3: =C3/B3 -> 0.33333333 | E3: =B3-C3 -> 2 | F3: =E3/B3 -> 0.66666667 | I3: MALAPPURAM | J3: 12 | K3: 6 | L3: =K3/J3 -> 0.5 | M3: =J3-K3 -> 6 | N3: =M3/J3 -> 0.5
A4: KONDOTTY | B4: 3 | C4: 1 | D4: =C4/B4 -> 0.33333333 | E4: =B4-C4 -> 2 | F4: =E4/B4 -> 0.66666667 | I4: KONDOTTY | J4: 8 | K4: 4 | L4: =K4/J4 -> 0.5 | M4: =J4-K4 -> 4 | N4: =M4/J4 -> 0.5
A5: NILAMBUR | B5: 2 | C5: 1 | D5: =C5/B5 -> 0.5 | E5: =B5-C5 -> 1 | F5: =E5/B5 -> 0.5 | I5: NILAMBUR | J5: 5 | K5: 4 | L5: =K5/J5 -> 0.8 | M5: =J5-K5 -> 1 | N5: =M5/J5 -> 0.2
A6: PERINTHALMANNA | B6: 8 | C6: 3 | D6: =C6/B6 -> 0.375 | E6: =B6-C6 -> 5 | F6: =E6/B6 -> 0.625 | I6: PERINTHALMANNA | J6: 4 | K6: 0 | L6: =K6/J6 -> 0 | M6: =J6-K6 -> 4 | N6: =M6/J6 -> 1
A7: THIRUR | B7: 3 | C7: 1 | D7: =C7/B7 -> 0.33333333 | E7: =B7-C7 -> 2 | F7: =E7/B7 -> 0.66666667 | I7: THIRUR | J7: 12 | K7: 5 | L7: =K7/J7 -> 0.41666667 | M7: =J7-K7 -> 7 | N7: =M7/J7 -> 0.58333333
A8: THIRURANGADI | B8: 4 | C8: 0 | D8: =C8/B8 -> 0 | E8: =B8-C8 -> 4 | F8: =E8/B8 -> 1 | I8: THIRURANGADI | J8: 20 | K8: 4 | L8: =K8/J8 -> 0.2 | M8: =J8-K8 -> 16 | N8: =M8/J8 -> 0.8
A9: PONNANI | B9: 2 | C9: 1 | D9: =C9/B9 -> 0.5 | E9: =B9-C9 -> 1 | F9: =E9/B9 -> 0.5 | I9: PONNANI | J9: 6 | K9: 3 | L9: =K9/J9 -> 0.5 | M9: =J9-K9 -> 3 | N9: =M9/J9 -> 0.5
A10: OTHER | C10: 1 | I10: OTHER | K10: 4
A11: TOTAL | B11: =SUM(B3:B9) -> 25 | C11: =SUM(C3:C9) -> 8 | D11: =C11/B11 -> 0.32 | E11: =B11-C11 -> 17 | F11: =E11/B11 -> 0.68 | I11: TOTAL | J11: =SUM(J3:J10) -> 67 | K11: =SUM(K3:K9) -> 26 | L11: =K11/J11 -> 0.3880597 | M11: =J11-K11 -> 41 | N11: =M11/J11 -> 0.6119403
A13: RTO WISE REPORT TILL 11--17 | I13: RTO WISE REPORT JULY-2023
A14: RTO | B14: TOTAL | C14: CLASSIC | D14: % | E14: OTHERS | F14: % | I14: RTO | J14: TOTAL | K14: CLASSIC | L14: % | M14: OTHERS | N14: %
A15: MALAPPURAM | B15: 4 | C15: 2 | D15: =C15/B15 -> 0.5 | E15: =B15-C15 -> 2 | F15: =E15/B15 -> 0.5 | I15: MALAPPURAM | J15: =B3+B15+J3 -> 19 | K15: =C3+C15+K3 -> 9 | L15: =K15/J15 -> 0.47368421 | M15: =J15-K15 -> 10 | N15: =M15/J15 -> 0.52631579
A16: KONDOTTY | B16: 2 | C16: 1 | D16: =C16/B16 -> 0.5 | E16: =B16-C16 -> 1 | F16: =E16/B16 -> 0.5 | I16: KONDOTTY | J16: =B4+B16+J4 -> 13 | K16: =C4+C16+K4 -> 6 | L16: =K16/J16 -> 0.46153846 | M16: =J16-K16 -> 7 | N16: =M16/J16 -> 0.53846154
A17: NILAMBUR | B17: 2 | C17: 0 | D17: =C17/B17 -> 0 | E17: =B17-C17 -> 2 | F17: =E17/B17 -> 1 | I17: NILAMBUR | J17: =B5+B17+J5 -> 9 | K17: =C5+C17+K5 -> 5 | L17: =K17/J17 -> 0.55555556 | M17: =J17-K17 -> 4 | N17: =M17/J17 -> 0.44444444
A18: PERINTHALMANNA | B18: 0 | C18: 0 | D18: =C18/B18 -> #DIV/0! | E18: =B18-C18 -> 0 | F18: =E18/B18 -> #DIV/0! | I18: PERINTHALMANNA | J18: =B6+B18+J6 -> 12 | K18: =C6+C18+K6 -> 3 | L18: =K18/J18 -> 0.25 | M18: =J18-K18 -> 9 | N18: =M18/J18 -> 0.75
A19: THIRUR | B19: 3 | C19: 0 | D19: =C19/B19 -> 0 | E19: =B19-C19 -> 3 | F19: =E19/B19 -> 1 | I19: THIRUR | J19: =B7+B19+J7 -> 18 | K19: =C7+C19+K7 -> 6 | L19: =K19/J19 -> 0.33333333 | M19: =J19-K19 -> 12 | N19: =M19/J19 -> 0.66666667
A20: THIRURANGADI | B20: 1 | C20: 0 | D20: =C20/B20 -> 0 | E20: =B20-C20 -> 1 | F20: =E20/B20 -> 1 | I20: THIRURANGADI | J20: =B8+B20+J8 -> 25 | K20: =C8+C20+K8 -> 4 | L20: =K20/J20 -> 0.16 | M20: =J20-K20 -> 21 | N20: =M20/J20 -> 0.84
A21: PONNANI | B21: 2 | C21: 0 | D21: =C21/B21 -> 0 | E21: =B21-C21 -> 2 | F21: =E21/B21 -> 1 | I21: PONNANI | J21: =B9+B21+J9 -> 10 | K21: =C9+C21+K9 -> 4 | L21: =K21/J21 -> 0.4 | M21: =J21-K21 -> 6 | N21: =M21/J21 -> 0.6
A22: OTHER | I22: OTHER | J22: =B10+B22+J10 -> 0 | K22: =C10+C22+K10 -> 5 | M22: =E10+E22+M10 -> 0
A23: TOTAL | B23: =SUM(B15:B22) -> 14 | C23: =SUM(C15:C22) -> 3 | D23: =C23/B23 -> 0.21428571 | E23: =B23-C23 -> 11 | F23: =E23/B23 -> 0.78571429 | I23: TOTAL | J23: =SUM(J15:J21) -> 106 | K23: =SUM(K15:K21) -> 37 | L23: =K23/J23 -> 0.3490566 | M23: =J23-K23 -> 69 | N23: =M23/J23 -> 0.6509434

Sheet Wholesale Vs Retail
A1: HMIL TARGET JUNE 2023
A2: REGION | B2: WHOLESALE | E2: RETAIL
B3: TGT | C3: ACH | D3: % | E3: TGT | F3: ACH | G3: %
A4: MPM | B4: 35 | C4: 35 | D4: =C4/B4 -> 1 | E4: 30 | F4: 28 | G4: =F4/E4 -> 0.93333333
A5: KKL | B5: 10 | C5: 10 | D5: =C5/B5 -> 1 | E5: 10 | F5: 8 | G5: =F5/E5 -> 0.8
A6: WYD | B6: 35 | C6: 35 | D6: =C6/B6 -> 1 | E6: 35 | F6: 23 | G6: =F6/E6 -> 0.65714286
A7: TOTAL | B7: =SUM(B4:B6) -> 80 | C7: =SUM(C4:C6) -> 80 | D7: =C7/B7 -> 1 | E7: =SUM(E4:E6) -> 75 | F7: =SUM(F4:F6) -> 59 | G7: =F7/E7 -> 0.78666667
A9: HMIL TARGET JULY 2023
A10: REGION | B10: WHOLESALE | E10: RETAIL
B11: TGT | C11: ACH | D11: % | E11: TGT | F11: ACH | G11: %
A12: MPM | B12: 40 | C12: 45 | D12: =C12/B12 -> 1.125 | E12: 35 | F12: 36 | G12: =F12/E12 -> 1.0285714
A13: KKL | B13: 10 | C13: 4 | D13: =C13/B13 -> 0.4 | E13: 15 | F13: 14 | G13: =F13/E13 -> 0.93333333
A14: WYD | B14: 35 | C14: 36 | D14: =C14/B14 -> 1.0285714 | E14: 30 | F14: 30 | G14: =F14/E14 -> 1
A15: TOTAL | B15: =SUM(B12:B14) -> 85 | C15: =SUM(C12:C14) -> 85 | D15: =C15/B15 -> 1 | E15: =SUM(E12:E14) -> 80 | F15: =SUM(F12:F14) -> 80 | G15: =F15/E15 -> 1
A17: HMIL TARGET AUG 2023
A18: REGION | B18: WHOLESALE | E18: RETAIL
B19: TGT | C19: ACH | D19: % | E19: TGT | F19: ACH | G19: %
A20: MPM | D20: =C20/B20 -> #DIV/0! | E20: 50 | F20: 9 | G20: =F20/E20 -> 0.18
A21: KKL | D21: =C21/B21 -> #DIV/0! | E21: 25 | F21: 4 | G21: =F21/E21 -> 0.16
A22: WYD | D22: =C22/B22 -> #DIV/0! | E22: 50 | F22: 17 | G22: =F22/E22 -> 0.34
A23: TOTAL | B23: =SUM(B20:B22) -> 0 | C23: =SUM(C20:C22) -> 0 | D23: =C23/B23 -> #DIV/0! | E23: =SUM(E20:E22) -> 125 | F23: =SUM(F20:F22) -> 30 | G23: =F23/E23 -> 0.24

Sheet Cmt Vs Tgt Jun-23
A1: TL/ASM | B1: 1-10 Commitment | E1: ACH TILL 1-10 | K1: 11-17 Commitment | M1: ACH TILL 11-17 | Q1: 18-27 Commitment | T1: ACH 18-27 | Z1: ACH TILL 30-06-2023 | AC1: ACTUAL | AI1: Last Booking Date
B2: BKGS | C2: IN STOCK | D2: RETAIL | E2: BKGS | F2: % | G2: IN STOCK | H2: % | I2: RETAIL | J2: % | K2: BKGS | L2: RETAIL | M2: BKGS | N2: % | O2: RETAIL | P2: % | Q2: BKGS | R2: IN STOCK | S2: RETAIL | T2: BKGS | U2: % | V2: IN STOCK | W2: % | X2: RETAIL | Y2: % | Z2: BKGS | AA2: IN STOCK | AB2: RETAIL | AC2: TDY | AD2: BKGS | AE2: RETAIL | AF2: % | AG2: TP | AH2: %
A3: RISHAD | B3: 4 | C3: 2 | D3: 2 | E3: 5 | F3: =E3/B3 -> 1.25 | G3: 4 | H3: =G3/C3 -> 2 | I3: 0 | J3: =I3/D3 -> 0 | K3: 3 | L3: 4 | M3: 4 | N3: =M3/K3 -> 1.3333333 | O3: 2 | P3: =O3/L3 -> 0.5 | Q3: 4 | R3: 3 | S3: 5 | T3: 4 | U3: =T3/Q3 -> 1 | V3: 1 | W3: =V3/R3 -> 0.33333333 | X3: 6 | Y3: =X3/S3 -> 1.2 | Z3: 0 | AA3: 0 | AB3: 1 | AD3: 13 | AE3: 9 | AF3: =AE3/AD3 -> 0.69230769 | AG3: 8 | AH3: =AG3/AE3 -> 0.88888889 | AI3: 45104
A4: JISHNU | B4: 4 | C4: 2 | D4: 2 | E4: 6 | F4: =E4/B4 -> 1.5 | G4: 4 | H4: =G4/C4 -> 2 | I4: 2 | J4: =I4/D4 -> 1 | K4: 3 | L4: 2 | M4: 3 | N4: =M4/K4 -> 1 | O4: 2 | P4: =O4/L4 -> 1 | Q4: 4 | R4: 3 | S4: 4 | T4: 5 | U4: =T4/Q4 -> 1.25 | V4: 2 | W4: =V4/R4 -> 0.66666667 | X4: 4 | Y4: =X4/S4 -> 1 | Z4: 0 | AA4: 0 | AB4: 3 | AD4: 15 | AE4: 11 | AF4: =AE4/AD4 -> 0.73333333 | AG4: 8 | AH4: =AG4/AE4 -> 0.72727273 | AI4: 45102
A5: JIJEESH | B5: 2 | C5: 2 | D5: 2 | E5: 2 | F5: =E5/B5 -> 1 | G5: 0 | H5: =G5/C5 -> 0 | I5: 0 | J5: =I5/D5 -> 0 | K5: 3 | L5: 2 | M5: 0 | N5: =M5/K5 -> 0 | O5: 0 | P5: =O5/L5 -> 0 | Q5: 5 | R5: 2 | S5: 4 | T5: 1 | U5: =T5/Q5 -> 0.2 | V5: 0 | W5: =V5/R5 -> 0 | X5: 2 | Y5: =X5/S5 -> 0.5 | Z5: 0 | AA5: 0 | AB5: 0 | AD5: 3 | AE5: 2 | AF5: =AE5/AD5 -> 0.66666667 | AG5: 3 | AH5: =AG5/AE5 -> 1.5 | AI5: 45096
A6: JYOTHISH | B6: 2 | C6: 2 | D6: 2 | E6: 2 | F6: =E6/B6 -> 1 | G6: 0 | H6: =G6/C6 -> 0 | I6: 0 | J6: =I6/D6 -> 0 | K6: 2 | L6: 1 | M6: 2 | N6: =M6/K6 -> 1 | O6: 0 | P6: =O6/L6 -> 0 | Q6: 3 | R6: 3 | S6: 3 | T6: 2 | U6: =T6/Q6 -> 0.66666667 | V6: 1 | W6: =V6/R6 -> 0.33333333 | X6: 0 | Y6: =X6/S6 -> 0 | Z6: 0 | AA6: 0 | AB6: 1 | AD6: 7 | AE6: 1 | AF6: =AE6/AD6 -> 0.14285714 | AG6: 1 | AH6: =AG6/AE6 -> 1 | AI6: 45104
A7: MALAPPURAM | B7: =SUM(B3:B6) -> 12 | C7: =SUM(C3:C6) -> 8 | D7: =SUM(D3:D6) -> 8 | E7: =SUM(E3:E6) -> 15 | F7: =E7/B7 -> 1.25 | G7: =SUM(G3:G6) -> 8 | H7: =G7/C7 -> 1 | I7: =SUM(I3:I6) -> 2 | J7: =I7/D7 -> 0.25 | K7: =SUM(K3:K6) -> 11 | L7: =SUM(L3:L6) -> 9 | M7: =SUM(M3:M6) -> 9 | N7: =M7/K7 -> 0.81818182 | O7: =SUM(O3:O6) -> 4 | P7: =O7/L7 -> 0.44444444 | Q7: =SUM(Q3:Q6) -> 16 | R7: =SUM(R3:R6) -> 11 | S7: =SUM(S3:S6) -> 16 | T7: =SUM(T3:T6) -> 12 | U7: =T7/Q7 -> 0.75 | V7: =SUM(V3:V6) -> 4 | W7: =V7/R7 -> 0.36363636 | X7: =SUM(X3:X6) -> 12 | Y7: =X7/S7 -> 0.75 | Z7: =SUM(Z3:Z6) -> 0 | AA7: =SUM(AA3:AA6) -> 0 | AB7: =SUM(AB3:AB6) -> 5 | AC7: =SUM(AC3:AC6) -> 0 | AD7: =SUM(AD3:AD6) -> 38 | AE7: =SUM(AE3:AE6) -> 23 | AF7: =AE7/AD7 -> 0.60526316 | AG7: =SUM(AG3:AG6) -> 20 | AH7: =AG7/AE7 -> 0.86956522
A8: SANEESH | B8: 4 | C8: 2 | D8: 2 | E8: 5 | F8: =E8/B8 -> 1.25 | G8: 1 | H8: =G8/C8 -> 0.5 | I8: 1 | J8: =I8/D8 -> 0.5 | K8: 3 | L8: 3 | M8: 2 | N8: =M8/K8 -> 0.66666667 | O8: 2 | P8: =O8/L8 -> 0.66666667 | Q8: 5 | R8: 4 | S8: 5 | T8: 2 | U8: =T8/Q8 -> 0.4 | V8: 1 | W8: =V8/R8 -> 0.25 | X8: 3 | Y8: =X8/S8 -> 0.6 | Z8: 1 | AA8: 0 | AB8: 2 | AD8: 10 | AE8: 8 | AF8: =AE8/AD8 -> 0.8 | AG8: 10 | AH8: =AG8/AE8 -> 1.25 | AI8: 45105
A9: SANDEEP | B9: 4 | C9: 2 | D9: 2 | E9: 3 | F9: =E9/B9 -> 0.75 | G9: 0 | H9: =G9/C9 -> 0 | I9: 0 | J9: =I9/D9 -> 0 | K9: 4 | L9: 3 | M9: 5 | N9: =M9/K9 -> 1.25 | O9: 0 | P9: =O9/L9 -> 0 | Q9: 7 | R9: 3 | S9: 7 | T9: 1 | U9: =T9/Q9 -> 0.14285714 | V9: 0 | W9: =V9/R9 -> 0 | X9: 1 | Y9: =X9/S9 -> 0.14285714 | Z9: 0 | AA9: 0 | AB9: 3 | AD9: 9 | AE9: 4 | AF9: =AE9/AD9 -> 0.44444444 | AG9: 2 | AH9: =AG9/AE9 -> 0.5 | AI9: 45099
A10: SUMESH | B10: 1 | C10: 1 | D10: 1 | E10: 2 | F10: =E10/B10 -> 2 | G10: 1 | H10: =G10/C10 -> 1 | I10: 0 | J10: =I10/D10 -> 0 | K10: 1 | L10: 1 | M10: 0 | N10: =M10/K10 -> 0 | O10: 1 | P10: =O10/L10 -> 1 | Q10: 4 | R10: 3 | S10: 3 | T10: 1 | U10: =T10/Q10 -> 0.25 | V10: 0 | W10: =V10/R10 -> 0 | X10: 0 | Y10: =X10/S10 -> 0 | Z10: 0 | AA10: 0 | AB10: 0 | AD10: 3 | AE10: 1 | AF10: =AE10/AD10 -> 0.33333333 | AG10: 1 | AH10: =AG10/AE10 -> 1 | AI10: 45103
A11: KOTTAKKAL | B11: =SUM(B8:B10) -> 9 | C11: =SUM(C8:C10) -> 5 | D11: =SUM(D8:D10) -> 5 | E11: =SUM(E8:E10) -> 10 | F11: =E11/B11 -> 1.1111111 | G11: =SUM(G8:G10) -> 2 | H11: =G11/C11 -> 0.4 | I11: =SUM(I8:I10) -> 1 | J11: =I11/D11 -> 0.2 | K11: =SUM(K8:K10) -> 8 | L11: =SUM(L8:L10) -> 7 | M11: =SUM(M8:M10) -> 7 | N11: =M11/K11 -> 0.875 | O11: =SUM(O8:O10) -> 3 | P11: =O11/L11 -> 0.42857143 | Q11: =SUM(Q8:Q10) -> 16 | R11: =SUM(R8:R10) -> 10 | S11: =SUM(S8:S10) -> 15 | T11: =SUM(T8:T10) -> 4 | U11: =T11/Q11 -> 0.25 | V11: =SUM(V8:V10) -> 1 | W11: =V11/R11 -> 0.1 | X11: =SUM(X8:X10) -> 4 | Y11: =X11/S11 -> 0.26666667 | Z11: =SUM(Z8:Z10) -> 1 | AA11: =SUM(AA8:AA10) -> 0 | AB11: =SUM(AB8:AB10) -> 5 | AC11: =SUM(AC8:AC10) -> 0 | AD11: =SUM(AD8:AD10) -> 22 | AE11: =SUM(AE8:AE10) -> 13 | AF11: =AE11/AD11 -> 0.59090909 | AG11: =SUM(AG8:AG10) -> 13 | AH11: =AG11/AE11 -> 1
A12: TOTAL | B12: =SUM(B11+B7) -> 21 | C12: =SUM(C11+C7) -> 13 | D12: =SUM(D11+D7) -> 13 | E12: =SUM(E11+E7) -> 25 | F12: =E12/B12 -> 1.1904762 | G12: =SUM(G11+G7) -> 10 | H12: =G12/C12 -> 0.76923077 | I12: =SUM(I11+I7) -> 3 | J12: =I12/D12 -> 0.23076923 | K12: =SUM(K11+K7) -> 19 | L12: =SUM(L11+L7) -> 16 | M12: =SUM(M11+M7) -> 16 | N12: =M12/K12 -> 0.84210526 | O12: =SUM(O11+O7) -> 7 | P12: =O12/L12 -> 0.4375 | Q12: =SUM(Q11+Q7) -> 32 | R12: =SUM(R11+R7) -> 21 | S12: =SUM(S11+S7) -> 31 | T12: =SUM(T11+T7) -> 16 | U12: =T12/Q12 -> 0.5 | V12: =SUM(V11+V7) -> 5 | W12: =V12/R12 -> 0.23809524 | X12: =SUM(X11+X7) -> 16 | Y12: =X12/S12 -> 0.51612903 | Z12: =SUM(Z11+Z7) -> 1 | AA12: =SUM(AA11+AA7) -> 0 | AB12: =SUM(AB11+AB7) -> 10 | AC12: =SUM(AC11+AC7) -> 0 | AD12: =SUM(AD11+AD7) -> 60 | AE12: =SUM(AE11+AE7) -> 36 | AF12: =AE12/AD12 -> 0.6 | AG12: =SUM(AG11+AG7) -> 33 | AH12: =AG12/AE12 -> 0.91666667

Sheet RTO Wise Jun-23
A1: RTO WISE REPORT - 2024
B2: JAN | G2: FEB | L2: MAR | Q2: APR | V2: MAY | AA2: JUN | AF2: JUL | AK2: AUG | AP2: SEP | AU2: OCT | AZ2: NOV | BE2: DEC | BJ2: 2024
A3: RTO | B3: TOTAL | C3: CLASSIC | D3: % | E3: OTHERS | F3: % | G3: TOTAL | H3: CLASSIC | I3: % | J3: OTHERS | K3: % | L3: TOTAL | M3: CLASSIC | N3: % | O3: OTHERS | P3: % | Q3: TOTAL | R3: CLASSIC | S3: % | T3: OTHERS | U3: % | V3: TOTAL | W3: CLASSIC | X3: % | Y3: OTHERS | Z3: % | AA3: TOTAL | AB3: CLASSIC | AC3: % | AD3: OTHERS | AE3: % | AF3: TOTAL | AG3: CLASSIC | AH3: % | AI3: OTHERS | AJ3: % | AK3: TOTAL | AL3: CLASSIC | AM3: % | AN3: OTHERS | AO3: % | AP3: TOTAL | AQ3: CLASSIC | AR3: % | AS3: OTHERS | AT3: % | AU3: TOTAL | AV3: CLASSIC | AW3: % | AX3: OTHERS | AY3: % | AZ3: TOTAL | BA3: CLASSIC | BB3: % | BC3: OTHERS | BD3: % | BE3: TOTAL | BF3: CLASSIC | BG3: % | BH3: OTHERS | BI3: % | BJ3: TOTAL | BK3: CLASSIC | BL3: % | BM3: OTHERS | BN3: %
A4: MALAPPURAM | B4: 23 | C4: 9 | D4: =C4/B4 -> 0.39130435 | E4: =B4-C4 -> 14 | F4: =E4/B4 -> 0.60869565 | G4: 19 | H4: 8 | I4: =H4/G4 -> 0.42105263 | J4: =G4-H4 -> 11 | K4: =J4/G4 -> 0.57894737 | L4: 21 | M4: 6 | N4: =M4/L4 -> 0.28571429 | O4: =L4-M4 -> 15 | P4: =O4/L4 -> 0.71428571 | Q4: 22 | R4: 10 | S4: =R4/Q4 -> 0.45454545 | T4: =Q4-R4 -> 12 | U4: =T4/Q4 -> 0.54545455 | V4: 18 | W4: 4 | X4: =W4/V4 -> 0.22222222 | Y4: =V4-W4 -> 14 | Z4: =Y4/V4 -> 0.77777778 | AA4: 24 | AB4: 7 | AC4: =AB4/AA4 -> 0.29166667 | AD4: =AA4-AB4 -> 17 | AE4: =AD4/AA4 -> 0.70833333 | AF4: 24 | AG4: 3 | AH4: =AG4/AF4 -> 0.125 | AI4: =AF4-AG4 -> 21 | AJ4: =AI4/AF4 -> 0.875 | AK4: 20 | AL4: 7 | AM4: =AL4/AK4 -> 0.35 | AN4: =AK4-AL4 -> 13 | AO4: =AN4/AK4 -> 0.65 | AP4: 18 | AQ4: 14 | AR4: =AQ4/AP4 -> 0.77777778 | AS4: =AP4-AQ4 -> 4 | AT4: =AS4/AP4 -> 0.22222222 | AU4: 10 | AV4: 3 | AW4: =AV4/AU4 -> 0.3 | AX4: =AU4-AV4 -> 7 | AY4: =AX4/AU4 -> 0.7 | BB4: =BA4/AZ4 -> #DIV/0! | BC4: =AZ4-BA4 -> 0 | BD4: =BC4/AZ4 -> #DIV/0! | BG4: =BF4/BE4 -> #DIV/0! | BH4: =BE4-BF4 -> 0 | BI4: =BH4/BE4 -> #DIV/0! | BJ4: =B4+G4+L4+Q4+V4+AA4+AF4+AK4+AP4+AU4+AZ4+BE4 -> 199 | BK4: =C4+H4+M4+R4+W4+AB4+AG4+AL4+AQ4+AV4+BA4+BF4 -> 71 | BL4: =BK4/BJ4 -> 0.35678392 | BM4: =BJ4-BK4 -> 128 | BN4: =BM4/BJ4 -> 0.64321608
A5: KONDOTTY | B5: 14 | C5: 2 | D5: =C5/B5 -> 0.14285714 | E5: =B5-C5 -> 12 | F5: =E5/B5 -> 0.85714286 | G5: 17 | H5: 1 | I5: =H5/G5 -> 0.058823529 | J5: =G5-H5 -> 16 | K5: =J5/G5 -> 0.94117647 | L5: 15 | M5: 5 | N5: =M5/L5 -> 0.33333333 | O5: =L5-M5 -> 10 | P5: =O5/L5 -> 0.66666667 | Q5: 11 | R5: 1 | S5: =R5/Q5 -> 0.090909091 | T5: =Q5-R5 -> 10 | U5: =T5/Q5 -> 0.90909091 | V5: 11 | W5: 3 | X5: =W5/V5 -> 0.27272727 | Y5: =V5-W5 -> 8 | Z5: =Y5/V5 -> 0.72727273 | AA5: 18 | AB5: 2 | AC5: =AB5/AA5 -> 0.11111111 | AD5: =AA5-AB5 -> 16 | AE5: =AD5/AA5 -> 0.88888889 | AF5: 12 | AG5: 1 | AH5: =AG5/AF5 -> 0.083333333 | AI5: =AF5-AG5 -> 11 | AJ5: =AI5/AF5 -> 0.91666667 | AK5: 10 | AL5: 2 | AM5: =AL5/AK5 -> 0.2 | AN5: =AK5-AL5 -> 8 | AO5: =AN5/AK5 -> 0.8 | AP5: 17 | AQ5: 1 | AR5: =AQ5/AP5 -> 0.058823529 | AS5: =AP5-AQ5 -> 16 | AT5: =AS5/AP5 -> 0.94117647 | AU5: 13 | AV5: 1 | AW5: =AV5/AU5 -> 0.076923077 | AX5: =AU5-AV5 -> 12 | AY5: =AX5/AU5 -> 0.92307692 | BB5: =BA5/AZ5 -> #DIV/0! | BC5: =AZ5-BA5 -> 0 | BD5: =BC5/AZ5 -> #DIV/0! | BG5: =BF5/BE5 -> #DIV/0! | BH5: =BE5-BF5 -> 0 | BI5: =BH5/BE5 -> #DIV/0! | BJ5: =B5+G5+L5+Q5+V5+AA5+AF5+AK5+AP5+AU5+AZ5+BE5 -> 138 | BK5: =C5+H5+M5+R5+W5+AB5+AG5+AL5+AQ5+AV5+BA5+BF5 -> 19 | BL5: =BK5/BJ5 -> 0.13768116 | BM5: =BJ5-BK5 -> 119 | BN5: =BM5/BJ5 -> 0.86231884
A6: NILAMBUR | B6: 16 | C6: 2 | D6: =C6/B6 -> 0.125 | E6: =B6-C6 -> 14 | F6: =E6/B6 -> 0.875 | G6: 15 | H6: 8 | I6: =H6/G6 -> 0.53333333 | J6: =G6-H6 -> 7 | K6: =J6/G6 -> 0.46666667 | L6: 15 | M6: 6 | N6: =M6/L6 -> 0.4 | O6: =L6-M6 -> 9 | P6: =O6/L6 -> 0.6 | Q6: 13 | R6: 6 | S6: =R6/Q6 -> 0.46153846 | T6: =Q6-R6 -> 7 | U6: =T6/Q6 -> 0.53846154 | V6: 15 | W6: 5 | X6: =W6/V6 -> 0.33333333 | Y6: =V6-W6 -> 10 | Z6: =Y6/V6 -> 0.66666667 | AA6: 10 | AB6: 3 | AC6: =AB6/AA6 -> 0.3 | AD6: =AA6-AB6 -> 7 | AE6: =AD6/AA6 -> 0.7 | AF6: 11 | AG6: 4 | AH6: =AG6/AF6 -> 0.36363636 | AI6: =AF6-AG6 -> 7 | AJ6: =AI6/AF6 -> 0.63636364 | AK6: 14 | AL6: 8 | AM6: =AL6/AK6 -> 0.57142857 | AN6: =AK6-AL6 -> 6 | AO6: =AN6/AK6 -> 0.42857143 | AP6: 23 | AQ6: 6 | AR6: =AQ6/AP6 -> 0.26086957 | AS6: =AP6-AQ6 -> 17 | AT6: =AS6/AP6 -> 0.73913043 | AU6: 10 | AV6: 1 | AW6: =AV6/AU6 -> 0.1 | AX6: =AU6-AV6 -> 9 | AY6: =AX6/AU6 -> 0.9 | BB6: =BA6/AZ6 -> #DIV/0! | BC6: =AZ6-BA6 -> 0 | BD6: =BC6/AZ6 -> #DIV/0! | BG6: =BF6/BE6 -> #DIV/0! | BH6: =BE6-BF6 -> 0 | BI6: =BH6/BE6 -> #DIV/0! | BJ6: =B6+G6+L6+Q6+V6+AA6+AF6+AK6+AP6+AU6+AZ6+BE6 -> 142 | BK6: =C6+H6+M6+R6+W6+AB6+AG6+AL6+AQ6+AV6+BA6+BF6 -> 49 | BL6: =BK6/BJ6 -> 0.34507042 | BM6: =BJ6-BK6 -> 93 | BN6: =BM6/BJ6 -> 0.65492958
A7: PERINTHALMANNA | B7: 18 | C7: 3 | D7: =C7/B7 -> 0.16666667 | E7: =B7-C7 -> 15 | F7: =E7/B7 -> 0.83333333 | G7: 17 | H7: 7 | I7: =H7/G7 -> 0.41176471 | J7: =G7-H7 -> 10 | K7: =J7/G7 -> 0.58823529 | L7: 11 | M7: 0 | N7: =M7/L7 -> 0 | O7: =L7-M7 -> 11 | P7: =O7/L7 -> 1 | Q7: 16 | R7: 2 | S7: =R7/Q7 -> 0.125 | T7: =Q7-R7 -> 14 | U7: =T7/Q7 -> 0.875 | V7: 23 | W7: 1 | X7: =W7/V7 -> 0.043478261 | Y7: =V7-W7 -> 22 | Z7: =Y7/V7 -> 0.95652174 | AA7: 12 | AB7: 1 | AC7: =AB7/AA7 -> 0.083333333 | AD7: =AA7-AB7 -> 11 | AE7: =AD7/AA7 -> 0.91666667 | AF7: 16 | AG7: 2 | AH7: =AG7/AF7 -> 0.125 | AI7: =AF7-AG7 -> 14 | AJ7: =AI7/AF7 -> 0.875 | AK7: 17 | AL7: 3 | AM7: =AL7/AK7 -> 0.17647059 | AN7: =AK7-AL7 -> 14 | AO7: =AN7/AK7 -> 0.82352941 | AP7: 16 | AQ7: 4 | AR7: =AQ7/AP7 -> 0.25 | AS7: =AP7-AQ7 -> 12 | AT7: =AS7/AP7 -> 0.75 | AU7: 5 | AV7: 1 | AW7: =AV7/AU7 -> 0.2 | AX7: =AU7-AV7 -> 4 | AY7: =AX7/AU7 -> 0.8 | BB7: =BA7/AZ7 -> #DIV/0! | BC7: =AZ7-BA7 -> 0 | BD7: =BC7/AZ7 -> #DIV/0! | BG7: =BF7/BE7 -> #DIV/0! | BH7: =BE7-BF7 -> 0 | BI7: =BH7/BE7 -> #DIV/0! | BJ7: =B7+G7+L7+Q7+V7+AA7+AF7+AK7+AP7+AU7+AZ7+BE7 -> 151 | BK7: =C7+H7+M7+R7+W7+AB7+AG7+AL7+AQ7+AV7+BA7+BF7 -> 24 | BL7: =BK7/BJ7 -> 0.1589404 | BM7: =BJ7-BK7 -> 127 | BN7: =BM7/BJ7 -> 0.8410596
A8: THIRUR | B8: 36 | C8: 5 | D8: =C8/B8 -> 0.13888889 | E8: =B8-C8 -> 31 | F8: =E8/B8 -> 0.86111111 | G8: 19 | H8: 4 | I8: =H8/G8 -> 0.21052632 | J8: =G8-H8 -> 15 | K8: =J8/G8 -> 0.78947368 | L8: 18 | M8: 5 | N8: =M8/L8 -> 0.27777778 | O8: =L8-M8 -> 13 | P8: =O8/L8 -> 0.72222222 | Q8: 31 | R8: 7 | S8: =R8/Q8 -> 0.22580645 | T8: =Q8-R8 -> 24 | U8: =T8/Q8 -> 0.77419355 | V8: 35 | W8: 9 | X8: =W8/V8 -> 0.25714286 | Y8: =V8-W8 -> 26 | Z8: =Y8/V8 -> 0.74285714 | AA8: 28 | AB8: 4 | AC8: =AB8/AA8 -> 0.14285714 | AD8: =AA8-AB8 -> 24 | AE8: =AD8/AA8 -> 0.85714286 | AF8: 32 | AG8: 6 | AH8: =AG8/AF8 -> 0.1875 | AI8: =AF8-AG8 -> 26 | AJ8: =AI8/AF8 -> 0.8125 | AK8: 44 | AL8: 7 | AM8: =AL8/AK8 -> 0.15909091 | AN8: =AK8-AL8 -> 37 | AO8: =AN8/AK8 -> 0.84090909 | AP8: 36 | AQ8: 7 | AR8: =AQ8/AP8 -> 0.19444444 | AS8: =AP8-AQ8 -> 29 | AT8: =AS8/AP8 -> 0.80555556 | AU8: 11 | AV8: 4 | AW8: =AV8/AU8 -> 0.36363636 | AX8: =AU8-AV8 -> 7 | AY8: =AX8/AU8 -> 0.63636364 | BB8: =BA8/AZ8 -> #DIV/0! | BC8: =AZ8-BA8 -> 0 | BD8: =BC8/AZ8 -> #DIV/0! | BG8: =BF8/BE8 -> #DIV/0! | BH8: =BE8-BF8 -> 0 | BI8: =BH8/BE8 -> #DIV/0! | BJ8: =B8+G8+L8+Q8+V8+AA8+AF8+AK8+AP8+AU8+AZ8+BE8 -> 290 | BK8: =C8+H8+M8+R8+W8+AB8+AG8+AL8+AQ8+AV8+BA8+BF8 -> 58 | BL8: =BK8/BJ8 -> 0.2 | BM8: =BJ8-BK8 -> 232 | BN8: =BM8/BJ8 -> 0.8
A9: THIRURANGADI | B9: 31 | C9: 7 | D9: =C9/B9 -> 0.22580645 | E9: =B9-C9 -> 24 | F9: =E9/B9 -> 0.77419355 | G9: 17 | H9: 6 | I9: =H9/G9 -> 0.35294118 | J9: =G9-H9 -> 11 | K9: =J9/G9 -> 0.64705882 | L9: 32 | M9: 16 | N9: =M9/L9 -> 0.5 | O9: =L9-M9 -> 16 | P9: =O9/L9 -> 0.5 | Q9: 34 | R9: 8 | S9: =R9/Q9 -> 0.23529412 | T9: =Q9-R9 -> 26 | U9: =T9/Q9 -> 0.76470588 | V9: 30 | W9: 10 | X9: =W9/V9 -> 0.33333333 | Y9: =V9-W9 -> 20 | Z9: =Y9/V9 -> 0.66666667 | AA9: 20 | AB9: 14 | AC9: =AB9/AA9 -> 0.7 | AD9: =AA9-AB9 -> 6 | AE9: =AD9/AA9 -> 0.3 | AF9: 19 | AG9: 11 | AH9: =AG9/AF9 -> 0.57894737 | AI9: =AF9-AG9 -> 8 | AJ9: =AI9/AF9 -> 0.42105263 | AK9: 26 | AL9: 5 | AM9: =AL9/AK9 -> 0.19230769 | AN9: =AK9-AL9 -> 21 | AO9: =AN9/AK9 -> 0.80769231 | AP9: 27 | AQ9: 12 | AR9: =AQ9/AP9 -> 0.44444444 | AS9: =AP9-AQ9 -> 15 | AT9: =AS9/AP9 -> 0.55555556 | AU9: 12 | AV9: 9 | AW9: =AV9/AU9 -> 0.75 | AX9: =AU9-AV9 -> 3 | AY9: =AX9/AU9 -> 0.25 | BB9: =BA9/AZ9 -> #DIV/0! | BC9: =AZ9-BA9 -> 0 | BD9: =BC9/AZ9 -> #DIV/0! | BG9: =BF9/BE9 -> #DIV/0! | BH9: =BE9-BF9 -> 0 | BI9: =BH9/BE9 -> #DIV/0! | BJ9: =B9+G9+L9+Q9+V9+AA9+AF9+AK9+AP9+AU9+AZ9+BE9 -> 248 | BK9: =C9+H9+M9+R9+W9+AB9+AG9+AL9+AQ9+AV9+BA9+BF9 -> 98 | BL9: =BK9/BJ9 -> 0.39516129 | BM9: =BJ9-BK9 -> 150 | BN9: =BM9/BJ9 -> 0.60483871
A10: PONNANI | B10: 10 | C10: 2 | D10: =C10/B10 -> 0.2 | E10: =B10-C10 -> 8 | F10: =E10/B10 -> 0.8 | G10: 13 | H10: 3 | I10: =H10/G10 -> 0.23076923 | J10: =G10-H10 -> 10 | K10: =J10/G10 -> 0.76923077 | L10: 9 | M10: 1 | N10: =M10/L10 -> 0.11111111 | O10: =L10-M10 -> 8 | P10: =O10/L10 -> 0.88888889 | Q10: 13 | R10: 2 | S10: =R10/Q10 -> 0.15384615 | T10: =Q10-R10 -> 11 | U10: =T10/Q10 -> 0.84615385 | V10: 11 | W10: 2 | X10: =W10/V10 -> 0.18181818 | Y10: =V10-W10 -> 9 | Z10: =Y10/V10 -> 0.81818182 | AA10: 11 | AB10: 3 | AC10: =AB10/AA10 -> 0.27272727 | AD10: =AA10-AB10 -> 8 | AE10: =AD10/AA10 -> 0.72727273 | AF10: 6 | AG10: 6 | AH10: =AG10/AF10 -> 1 | AI10: =AF10-AG10 -> 0 | AJ10: =AI10/AF10 -> 0 | AK10: 7 | AL10: 4 | AM10: =AL10/AK10 -> 0.57142857 | AN10: =AK10-AL10 -> 3 | AO10: =AN10/AK10 -> 0.42857143 | AP10: 6 | AQ10: 9 | AR10: =AQ10/AP10 -> 1.5 | AS10: =AP10-AQ10 -> -3 | AT10: =AS10/AP10 -> -0.5 | AU10: 8 | AV10: 2 | AW10: =AV10/AU10 -> 0.25 | AX10: =AU10-AV10 -> 6 | AY10: =AX10/AU10 -> 0.75 | BB10: =BA10/AZ10 -> #DIV/0! | BC10: =AZ10-BA10 -> 0 | BD10: =BC10/AZ10 -> #DIV/0! | BG10: =BF10/BE10 -> #DIV/0! | BH10: =BE10-BF10 -> 0 | BI10: =BH10/BE10 -> #DIV/0! | BJ10: =B10+G10+L10+Q10+V10+AA10+AF10+AK10+AP10+AU10+AZ10+BE10 -> 94 | BK10: =C10+H10+M10+R10+W10+AB10+AG10+AL10+AQ10+AV10+BA10+BF10 -> 34 | BL10: =BK10/BJ10 -> 0.36170213 | BM10: =BJ10-BK10 -> 60 | BN10: =BM10/BJ10 -> 0.63829787
A11: OTHER | H11: 3 | M11: 3 | R11: 2 | W11: 5 | AB11: 4 | AG11: 7 | AL11: 4 | AQ11: 2 | AV11: 2 | BK11: =C11+H11+M11+R11+W11+AB11+AG11+AL11+AQ11+AV11+BA11+BF11 -> 32
A12: TOTAL | B12: =SUM(B4:B10) -> 148 | C12: =SUM(C4:C10) -> 30 | D12: =C12/B12 -> 0.2027027 | E12: =B12-C12 -> 118 | F12: =E12/B12 -> 0.7972973 | G12: =SUM(G4:G10) -> 117 | H12: =SUM(H4:H10) -> 37 | I12: =H12/G12 -> 0.31623932 | J12: =G12-H12 -> 80 | K12: =J12/G12 -> 0.68376068 | L12: =SUM(L4:L10) -> 121 | M12: =SUM(M4:M10) -> 39 | N12: =M12/L12 -> 0.32231405 | O12: =L12-M12 -> 82 | P12: =O12/L12 -> 0.67768595 | Q12: =SUM(Q4:Q10) -> 140 | R12: =SUM(R4:R10) -> 36 | S12: =R12/Q12 -> 0.25714286 | T12: =Q12-R12 -> 104 | U12: =T12/Q12 -> 0.74285714 | V12: =SUM(V4:V10) -> 143 | W12: =SUM(W4:W10) -> 34 | X12: =W12/V12 -> 0.23776224 | Y12: =V12-W12 -> 109 | Z12: =Y12/V12 -> 0.76223776 | AA12: =SUM(AA4:AA10) -> 123 | AB12: =SUM(AB4:AB10) -> 34 | AC12: =AB12/AA12 -> 0.27642276 | AD12: =AA12-AB12 -> 89 | AE12: =AD12/AA12 -> 0.72357724 | AF12: =SUM(AF4:AF10) -> 120 | AG12: =SUM(AG4:AG10) -> 33 | AH12: =AG12/AF12 -> 0.275 | AI12: =AF12-AG12 -> 87 | AJ12: =AI12/AF12 -> 0.725 | AK12: =SUM(AK4:AK10) -> 138 | AL12: =SUM(AL4:AL10) -> 36 | AM12: =AL12/AK12 -> 0.26086957 | AN12: =AK12-AL12 -> 102 | AO12: =AN12/AK12 -> 0.73913043 | AP12: =SUM(AP4:AP10) -> 143 | AQ12: =SUM(AQ4:AQ10) -> 53 | AR12: =AQ12/AP12 -> 0.37062937 | AS12: =AP12-AQ12 -> 90 | AT12: =AS12/AP12 -> 0.62937063 | AU12: =SUM(AU4:AU10) -> 69 | AV12: =SUM(AV4:AV10) -> 21 | AW12: =AV12/AU12 -> 0.30434783 | AX12: =AU12-AV12 -> 48 | AY12: =AX12/AU12 -> 0.69565217 | AZ12: =SUM(AZ4:AZ10) -> 0 | BA12: =SUM(BA4:BA10) -> 0 | BB12: =BA12/AZ12 -> #DIV/0! | BC12: =AZ12-BA12 -> 0 | BD12: =BC12/AZ12 -> #DIV/0! | BE12: =SUM(BE4:BE10) -> 0 | BF12: =SUM(BF4:BF10) -> 0 | BG12: =BF12/BE12 -> #DIV/0! | BH12: =BE12-BF12 -> 0 | BI12: =BH12/BE12 -> #DIV/0! | BJ12: =SUM(BJ4:BJ10) -> 1262 | BK12: =SUM(BK4:BK10) -> 353 | BL12: =BK12/BJ12 -> 0.27971474 | BM12: =BJ12-BK12 -> 909 | BN12: =BM12/BJ12 -> 0.72028526
A14: RTO WISE REPORT - 2023
B15: JAN | G15: FEB | L15: MAR | Q15: APR | V15: MAY | AA15: JUN | AF15: JUL | AK15: AUG | AP15: SEP | AU15: OCT | AZ15: NOV | BE15: DEC | BJ15: 2023
A16: RTO | B16: TOTAL | C16: CLASSIC | D16: % | E16: OTHERS | F16: % | G16: TOTAL | H16: CLASSIC | I16: % | J16: OTHERS | K16: % | L16: TOTAL | M16: CLASSIC | N16: % | O16: OTHERS | P16: % | Q16: TOTAL | R16: CLASSIC | S16: % | T16: OTHERS | U16: % | V16: TOTAL | W16: CLASSIC | X16: % | Y16: OTHERS | Z16: % | AA16: TOTAL | AB16: CLASSIC | AC16: % | AD16: OTHERS | AE16: % | AF16: TOTAL | AG16: CLASSIC | AH16: % | AI16: OTHERS | AJ16: % | AK16: TOTAL | AL16: CLASSIC | AM16: % | AN16: OTHERS | AO16: % | AP16: TOTAL | AQ16: CLASSIC | AR16: % | AS16: OTHERS | AT16: % | AU16: TOTAL | AV16: CLASSIC | AW16: % | AX16: OTHERS | AY16: % | AZ16: TOTAL | BA16: CLASSIC | BB16: % | BC16: OTHERS | BD16: % | BE16: TOTAL | BF16: CLASSIC | BG16: % | BH16: OTHERS | BI16: % | BJ16: TOTAL | BK16: CLASSIC | BL16: % | BM16: OTHERS | BN16: %
A17: MALAPPURAM | B17: 13 | C17: 8 | D17: =C17/B17 -> 0.61538462 | E17: =B17-C17 -> 5 | F17: =E17/B17 -> 0.38461538 | G17: 19 | H17: 5 | I17: =H17/G17 -> 0.26315789 | J17: =G17-H17 -> 14 | K17: =J17/G17 -> 0.73684211 | L17: 19 | M17: 8 | N17: =M17/L17 -> 0.42105263 | O17: =L17-M17 -> 11 | P17: =O17/L17 -> 0.57894737 | Q17: 6 | R17: 3 | S17: =R17/Q17 -> 0.5 | T17: =Q17-R17 -> 3 | U17: =T17/Q17 -> 0.5 | V17: 27 | W17: 5 | X17: =W17/V17 -> 0.18518519 | Y17: =V17-W17 -> 22 | Z17: =Y17/V17 -> 0.81481481 | AA17: 15 | AB17: 5 | AC17: =AB17/AA17 -> 0.33333333 | AD17: =AA17-AB17 -> 10 | AE17: =AD17/AA17 -> 0.66666667 | AF17: 19 | AG17: 9 | AH17: =AG17/AF17 -> 0.47368421 | AI17: =AF17-AG17 -> 10 | AJ17: =AI17/AF17 -> 0.52631579 | AK17: 36 | AL17: 12 | AM17: =AL17/AK17 -> 0.33333333 | AN17: =AK17-AL17 -> 24 | AO17: =AN17/AK17 -> 0.66666667 | AP17: 33 | AQ17: 4 | AR17: =AQ17/AP17 -> 0.12121212 | AS17: =AP17-AQ17 -> 29 | AT17: =AS17/AP17 -> 0.87878788 | AU17: 15 | AV17: 3 | AW17: =AV17/AU17 -> 0.2 | AX17: =AU17-AV17 -> 12 | AY17: =AX17/AU17 -> 0.8 | AZ17: 17 | BA17: 8 | BB17: =BA17/AZ17 -> 0.47058824 | BC17: =AZ17-BA17 -> 9 | BD17: =BC17/AZ17 -> 0.52941176 | BE17: 19 | BF17: 12 | BG17: =BF17/BE17 -> 0.63157895 | BH17: =BE17-BF17 -> 7 | BI17: =BH17/BE17 -> 0.36842105 | BJ17: =B17+G17+L17+Q17+V17+AA17+AF17+AK17+AP17+AU17+AZ17+BE17 -> 238 | BK17: =C17+H17+M17+R17+W17+AB17+AG17+AL17+AQ17+AV17+BA17+BF17 -> 82 | BL17: =BK17/BJ17 -> 0.34453782 | BM17: =BJ17-BK17 -> 156 | BN17: =BM17/BJ17 -> 0.65546218
A18: KONDOTTY | B18: 19 | C18: 1 | D18: =C18/B18 -> 0.052631579 | E18: =B18-C18 -> 18 | F18: =E18/B18 -> 0.94736842 | G18: 8 | H18: 0 | I18: =H18/G18 -> 0 | J18: =G18-H18 -> 8 | K18: =J18/G18 -> 1 | L18: 22 | M18: 8 | N18: =M18/L18 -> 0.36363636 | O18: =L18-M18 -> 14 | P18: =O18/L18 -> 0.63636364 | Q18: 12 | R18: 1 | S18: =R18/Q18 -> 0.083333333 | T18: =Q18-R18 -> 11 | U18: =T18/Q18 -> 0.91666667 | V18: 10 | W18: 0 | X18: =W18/V18 -> 0 | Y18: =V18-W18 -> 10 | Z18: =Y18/V18 -> 1 | AA18: 12 | AB18: 3 | AC18: =AB18/AA18 -> 0.25 | AD18: =AA18-AB18 -> 9 | AE18: =AD18/AA18 -> 0.75 | AF18: 14 | AG18: 6 | AH18: =AG18/AF18 -> 0.42857143 | AI18: =AF18-AG18 -> 8 | AJ18: =AI18/AF18 -> 0.57142857 | AK18: 19 | AL18: 7 | AM18: =AL18/AK18 -> 0.36842105 | AN18: =AK18-AL18 -> 12 | AO18: =AN18/AK18 -> 0.63157895 | AP18: 26 | AQ18: 2 | AR18: =AQ18/AP18 -> 0.076923077 | AS18: =AP18-AQ18 -> 24 | AT18: =AS18/AP18 -> 0.92307692 | AU18: 19 | AV18: 2 | AW18: =AV18/AU18 -> 0.10526316 | AX18: =AU18-AV18 -> 17 | AY18: =AX18/AU18 -> 0.89473684 | AZ18: 17 | BA18: 6 | BB18: =BA18/AZ18 -> 0.35294118 | BC18: =AZ18-BA18 -> 11 | BD18: =BC18/AZ18 -> 0.64705882 | BE18: 15 | BF18: 7 | BG18: =BF18/BE18 -> 0.46666667 | BH18: =BE18-BF18 -> 8 | BI18: =BH18/BE18 -> 0.53333333 | BJ18: =B18+G18+L18+Q18+V18+AA18+AF18+AK18+AP18+AU18+AZ18+BE18 -> 193 | BK18: =C18+H18+M18+R18+W18+AB18+AG18+AL18+AQ18+AV18+BA18+BF18 -> 43 | BL18: =BK18/BJ18 -> 0.22279793 | BM18: =BJ18-BK18 -> 150 | BN18: =BM18/BJ18 -> 0.77720207
A19: NILAMBUR | B19: 8 | C19: 1 | D19: =C19/B19 -> 0.125 | E19: =B19-C19 -> 7 | F19: =E19/B19 -> 0.875 | G19: 5 | H19: 2 | I19: =H19/G19 -> 0.4 | J19: =G19-H19 -> 3 | K19: =J19/G19 -> 0.6 | L19: 23 | M19: 7 | N19: =M19/L19 -> 0.30434783 | O19: =L19-M19 -> 16 | P19: =O19/L19 -> 0.69565217 | Q19: 5 | R19: 2 | S19: =R19/Q19 -> 0.4 | T19: =Q19-R19 -> 3 | U19: =T19/Q19 -> 0.6 | V19: 17 | W19: 3 | X19: =W19/V19 -> 0.17647059 | Y19: =V19-W19 -> 14 | Z19: =Y19/V19 -> 0.82352941 | AA19: 15 | AB19: 1 | AC19: =AB19/AA19 -> 0.066666667 | AD19: =AA19-AB19 -> 14 | AE19: =AD19/AA19 -> 0.93333333 | AF19: 9 | AG19: 5 | AH19: =AG19/AF19 -> 0.55555556 | AI19: =AF19-AG19 -> 4 | AJ19: =AI19/AF19 -> 0.44444444 | AK19: 21 | AL19: 8 | AM19: =AL19/AK19 -> 0.38095238 | AN19: =AK19-AL19 -> 13 | AO19: =AN19/AK19 -> 0.61904762 | AP19: 26 | AQ19: 7 | AR19: =AQ19/AP19 -> 0.26923077 | AS19: =AP19-AQ19 -> 19 | AT19: =AS19/AP19 -> 0.73076923 | AU19: 10 | AV19: 3 | AW19: =AV19/AU19 -> 0.3 | AX19: =AU19-AV19 -> 7 | AY19: =AX19/AU19 -> 0.7 | AZ19: 13 | BA19: 3 | BB19: =BA19/AZ19 -> 0.23076923 | BC19: =AZ19-BA19 -> 10 | BD19: =BC19/AZ19 -> 0.76923077 | BE19: 14 | BF19: 1 | BG19: =BF19/BE19 -> 0.071428571 | BH19: =BE19-BF19 -> 13 | BI19: =BH19/BE19 -> 0.92857143 | BJ19: =B19+G19+L19+Q19+V19+AA19+AF19+AK19+AP19+AU19+AZ19+BE19 -> 166 | BK19: =C19+H19+M19+R19+W19+AB19+AG19+AL19+AQ19+AV19+BA19+BF19 -> 43 | BL19: =BK19/BJ19 -> 0.25903614 | BM19: =BJ19-BK19 -> 123 | BN19: =BM19/BJ19 -> 0.74096386
A20: PERINTHALMANNA | B20: 10 | C20: 0 | D20: =C20/B20 -> 0 | E20: =B20-C20 -> 10 | F20: =E20/B20 -> 1 | G20: 15 | H20: 1 | I20: =H20/G20 -> 0.066666667 | J20: =G20-H20 -> 14 | K20: =J20/G20 -> 0.93333333 | L20: 22 | M20: 4 | N20: =M20/L20 -> 0.18181818 | O20: =L20-M20 -> 18 | P20: =O20/L20 -> 0.81818182 | Q20: 10 | R20: 0 | S20: =R20/Q20 -> 0 | T20: =Q20-R20 -> 10 | U20: =T20/Q20 -> 1 | V20: 11 | W20: 1 | X20: =W20/V20 -> 0.090909091 | Y20: =V20-W20 -> 10 | Z20: =Y20/V20 -> 0.90909091 | AA20: 16 | AB20: 3 | AC20: =AB20/AA20 -> 0.1875 | AD20: =AA20-AB20 -> 13 | AE20: =AD20/AA20 -> 0.8125 | AF20: 20 | AG20: 3 | AH20: =AG20/AF20 -> 0.15 | AI20: =AF20-AG20 -> 17 | AJ20: =AI20/AF20 -> 0.85 | AK20: 12 | AL20: 1 | AM20: =AL20/AK20 -> 0.083333333 | AN20: =AK20-AL20 -> 11 | AO20: =AN20/AK20 -> 0.91666667 | AP20: 18 | AQ20: 2 | AR20: =AQ20/AP20 -> 0.11111111 | AS20: =AP20-AQ20 -> 16 | AT20: =AS20/AP20 -> 0.88888889 | AU20: 13 | AV20: 4 | AW20: =AV20/AU20 -> 0.30769231 | AX20: =AU20-AV20 -> 9 | AY20: =AX20/AU20 -> 0.69230769 | AZ20: 6 | BA20: 0 | BB20: =BA20/AZ20 -> 0 | BC20: =AZ20-BA20 -> 6 | BD20: =BC20/AZ20 -> 1 | BE20: 10 | BF20: 3 | BG20: =BF20/BE20 -> 0.3 | BH20: =BE20-BF20 -> 7 | BI20: =BH20/BE20 -> 0.7 | BJ20: =B20+G20+L20+Q20+V20+AA20+AF20+AK20+AP20+AU20+AZ20+BE20 -> 163 | BK20: =C20+H20+M20+R20+W20+AB20+AG20+AL20+AQ20+AV20+BA20+BF20 -> 22 | BL20: =BK20/BJ20 -> 0.13496933 | BM20: =BJ20-BK20 -> 141 | BN20: =BM20/BJ20 -> 0.86503067
A21: THIRUR | B21: 25 | C21: 3 | D21: =C21/B21 -> 0.12 | E21: =B21-C21 -> 22 | F21: =E21/B21 -> 0.88 | G21: 24 | H21: 7 | I21: =H21/G21 -> 0.29166667 | J21: =G21-H21 -> 17 | K21: =J21/G21 -> 0.70833333 | L21: 32 | M21: 6 | N21: =M21/L21 -> 0.1875 | O21: =L21-M21 -> 26 | P21: =O21/L21 -> 0.8125 | Q21: 22 | R21: 4 | S21: =R21/Q21 -> 0.18181818 | T21: =Q21-R21 -> 18 | U21: =T21/Q21 -> 0.81818182 | V21: 17 | W21: 1 | X21: =W21/V21 -> 0.058823529 | Y21: =V21-W21 -> 16 | Z21: =Y21/V21 -> 0.94117647 | AA21: 23 | AB21: 5 | AC21: =AB21/AA21 -> 0.2173913 | AD21: =AA21-AB21 -> 18 | AE21: =AD21/AA21 -> 0.7826087 | AF21: 25 | AG21: 6 | AH21: =AG21/AF21 -> 0.24 | AI21: =AF21-AG21 -> 19 | AJ21: =AI21/AF21 -> 0.76 | AK21: 22 | AL21: 10 | AM21: =AL21/AK21 -> 0.45454545 | AN21: =AK21-AL21 -> 12 | AO21: =AN21/AK21 -> 0.54545455 | AP21: 44 | AQ21: 4 | AR21: =AQ21/AP21 -> 0.090909091 | AS21: =AP21-AQ21 -> 40 | AT21: =AS21/AP21 -> 0.90909091 | AU21: 35 | AV21: 2 | AW21: =AV21/AU21 -> 0.057142857 | AX21: =AU21-AV21 -> 33 | AY21: =AX21/AU21 -> 0.94285714 | AZ21: 29 | BA21: 5 | BB21: =BA21/AZ21 -> 0.17241379 | BC21: =AZ21-BA21 -> 24 | BD21: =BC21/AZ21 -> 0.82758621 | BE21: 26 | BF21: 4 | BG21: =BF21/BE21 -> 0.15384615 | BH21: =BE21-BF21 -> 22 | BI21: =BH21/BE21 -> 0.84615385 | BJ21: =B21+G21+L21+Q21+V21+AA21+AF21+AK21+AP21+AU21+AZ21+BE21 -> 324 | BK21: =C21+H21+M21+R21+W21+AB21+AG21+AL21+AQ21+AV21+BA21+BF21 -> 57 | BL21: =BK21/BJ21 -> 0.17592593 | BM21: =BJ21-BK21 -> 267 | BN21: =BM21/BJ21 -> 0.82407407
A22: THIRURANGADI | B22: 27 | C22: 12 | D22: =C22/B22 -> 0.44444444 | E22: =B22-C22 -> 15 | F22: =E22/B22 -> 0.55555556 | G22: 26 | H22: 4 | I22: =H22/G22 -> 0.15384615 | J22: =G22-H22 -> 22 | K22: =J22/G22 -> 0.84615385 | L22: 25 | M22: 9 | N22: =M22/L22 -> 0.36 | O22: =L22-M22 -> 16 | P22: =O22/L22 -> 0.64 | Q22: 11 | R22: 2 | S22: =R22/Q22 -> 0.18181818 | T22: =Q22-R22 -> 9 | U22: =T22/Q22 -> 0.81818182 | V22: 25 | W22: 5 | X22: =W22/V22 -> 0.2 | Y22: =V22-W22 -> 20 | Z22: =Y22/V22 -> 0.8 | AA22: 23 | AB22: 13 | AC22: =AB22/AA22 -> 0.56521739 | AD22: =AA22-AB22 -> 10 | AE22: =AD22/AA22 -> 0.43478261 | AF22: 29 | AG22: 4 | AH22: =AG22/AF22 -> 0.13793103 | AI22: =AF22-AG22 -> 25 | AJ22: =AI22/AF22 -> 0.86206897 | AK22: 26 | AL22: 14 | AM22: =AL22/AK22 -> 0.53846154 | AN22: =AK22-AL22 -> 12 | AO22: =AN22/AK22 -> 0.46153846 | AP22: 41 | AQ22: 7 | AR22: =AQ22/AP22 -> 0.17073171 | AS22: =AP22-AQ22 -> 34 | AT22: =AS22/AP22 -> 0.82926829 | AU22: 28 | AV22: 11 | AW22: =AV22/AU22 -> 0.39285714 | AX22: =AU22-AV22 -> 17 | AY22: =AX22/AU22 -> 0.60714286 | AZ22: 22 | BA22: 10 | BB22: =BA22/AZ22 -> 0.45454545 | BC22: =AZ22-BA22 -> 12 | BD22: =BC22/AZ22 -> 0.54545455 | BE22: 19 | BF22: 12 | BG22: =BF22/BE22 -> 0.63157895 | BH22: =BE22-BF22 -> 7 | BI22: =BH22/BE22 -> 0.36842105 | BJ22: =B22+G22+L22+Q22+V22+AA22+AF22+AK22+AP22+AU22+AZ22+BE22 -> 302 | BK22: =C22+H22+M22+R22+W22+AB22+AG22+AL22+AQ22+AV22+BA22+BF22 -> 103 | BL22: =BK22/BJ22 -> 0.3410596 | BM22: =BJ22-BK22 -> 199 | BN22: =BM22/BJ22 -> 0.6589404
A23: PONNANI | B23: 8 | C23: 1 | D23: =C23/B23 -> 0.125 | E23: =B23-C23 -> 7 | F23: =E23/B23 -> 0.875 | G23: 6 | H23: 0 | I23: =H23/G23 -> 0 | J23: =G23-H23 -> 6 | K23: =J23/G23 -> 1 | L23: 14 | M23: 3 | N23: =M23/L23 -> 0.21428571 | O23: =L23-M23 -> 11 | P23: =O23/L23 -> 0.78571429 | Q23: 12 | R23: 2 | S23: =R23/Q23 -> 0.16666667 | T23: =Q23-R23 -> 10 | U23: =T23/Q23 -> 0.83333333 | V23: 8 | W23: 1 | X23: =W23/V23 -> 0.125 | Y23: =V23-W23 -> 7 | Z23: =Y23/V23 -> 0.875 | AA23: 10 | AB23: 2 | AC23: =AB23/AA23 -> 0.2 | AD23: =AA23-AB23 -> 8 | AE23: =AD23/AA23 -> 0.8 | AF23: 10 | AG23: 4 | AH23: =AG23/AF23 -> 0.4 | AI23: =AF23-AG23 -> 6 | AJ23: =AI23/AF23 -> 0.6 | AK23: 11 | AL23: 5 | AM23: =AL23/AK23 -> 0.45454545 | AN23: =AK23-AL23 -> 6 | AO23: =AN23/AK23 -> 0.54545455 | AP23: 14 | AQ23: 3 | AR23: =AQ23/AP23 -> 0.21428571 | AS23: =AP23-AQ23 -> 11 | AT23: =AS23/AP23 -> 0.78571429 | AU23: 13 | AV23: 7 | AW23: =AV23/AU23 -> 0.53846154 | AX23: =AU23-AV23 -> 6 | AY23: =AX23/AU23 -> 0.46153846 | AZ23: 9 | BA23: 1 | BB23: =BA23/AZ23 -> 0.11111111 | BC23: =AZ23-BA23 -> 8 | BD23: =BC23/AZ23 -> 0.88888889 | BE23: 6 | BF23: 2 | BG23: =BF23/BE23 -> 0.33333333 | BH23: =BE23-BF23 -> 4 | BI23: =BH23/BE23 -> 0.66666667 | BJ23: =B23+G23+L23+Q23+V23+AA23+AF23+AK23+AP23+AU23+AZ23+BE23 -> 121 | BK23: =C23+H23+M23+R23+W23+AB23+AG23+AL23+AQ23+AV23+BA23+BF23 -> 31 | BL23: =BK23/BJ23 -> 0.25619835 | BM23: =BJ23-BK23 -> 90 | BN23: =BM23/BJ23 -> 0.74380165
A24: OTHER | C24: 4 | H24: 2 | M24: 4 | R24: 2 | W24: 3 | AG24: 5 | AL24: 5 | AQ24: 3 | AV24: 3 | BA24: 4 | BF24: 6 | BK24: =C24+H24+M24+R24+W24+AB24+AG24+AL24+AQ24+AV24+BA24+BF24 -> 41
A25: TOTAL | B25: =SUM(B17:B23) -> 110 | C25: =SUM(C17:C23) -> 26 | D25: =C25/B25 -> 0.23636364 | E25: =B25-C25 -> 84 | F25: =E25/B25 -> 0.76363636 | G25: =SUM(G17:G23) -> 103 | H25: =SUM(H17:H23) -> 19 | I25: =H25/G25 -> 0.18446602 | J25: =G25-H25 -> 84 | K25: =J25/G25 -> 0.81553398 | L25: =SUM(L17:L23) -> 157 | M25: =SUM(M17:M23) -> 45 | N25: =M25/L25 -> 0.2866242 | O25: =L25-M25 -> 112 | P25: =O25/L25 -> 0.7133758 | Q25: =SUM(Q17:Q23) -> 78 | R25: =SUM(R17:R23) -> 14 | S25: =R25/Q25 -> 0.17948718 | T25: =Q25-R25 -> 64 | U25: =T25/Q25 -> 0.82051282 | V25: =SUM(V17:V23) -> 115 | W25: =SUM(W17:W23) -> 16 | X25: =W25/V25 -> 0.13913043 | Y25: =V25-W25 -> 99 | Z25: =Y25/V25 -> 0.86086957 | AA25: =SUM(AA17:AA23) -> 114 | AB25: =SUM(AB17:AB23) -> 32 | AC25: =AB25/AA25 -> 0.28070175 | AD25: =AA25-AB25 -> 82 | AE25: =AD25/AA25 -> 0.71929825 | AF25: =SUM(AF17:AF23) -> 126 | AG25: =SUM(AG17:AG23) -> 37 | AH25: =AG25/AF25 -> 0.29365079 | AI25: =AF25-AG25 -> 89 | AJ25: =AI25/AF25 -> 0.70634921 | AK25: =SUM(AK17:AK23) -> 147 | AL25: =SUM(AL17:AL23) -> 57 | AM25: =AL25/AK25 -> 0.3877551 | AN25: =AK25-AL25 -> 90 | AO25: =AN25/AK25 -> 0.6122449 | AP25: =SUM(AP17:AP23) -> 202 | AQ25: =SUM(AQ17:AQ23) -> 29 | AR25: =AQ25/AP25 -> 0.14356436 | AS25: =AP25-AQ25 -> 173 | AT25: =AS25/AP25 -> 0.85643564 | AU25: =SUM(AU17:AU23) -> 133 | AV25: =SUM(AV17:AV23) -> 32 | AW25: =AV25/AU25 -> 0.2406015 | AX25: =AU25-AV25 -> 101 | AY25: =AX25/AU25 -> 0.7593985 | AZ25: =SUM(AZ17:AZ23) -> 113 | BA25: =SUM(BA17:BA23) -> 33 | BB25: =BA25/AZ25 -> 0.2920354 | BC25: =AZ25-BA25 -> 80 | BD25: =BC25/AZ25 -> 0.7079646 | BE25: =SUM(BE17:BE23) -> 109 | BF25: =SUM(BF17:BF23) -> 41 | BG25: =BF25/BE25 -> 0.37614679 | BH25: =BE25-BF25 -> 68 | BI25: =BH25/BE25 -> 0.62385321 | BJ25: =SUM(BJ17:BJ23) -> 1507 | BK25: =SUM(BK17:BK23) -> 381 | BL25: =BK25/BJ25 -> 0.25282017 | BM25: =BJ25-BK25 -> 1126 | BN25: =BM25/BJ25 -> 0.74717983
A27: RTO WISE REPORT - 2022
B28: JAN | G28: FEB | L28: MAR | Q28: APR | V28: MAY | AA28: JUN | AF28: JUL | AK28: AUG | AP28: SEP | AU28: OCT | AZ28: NOV | BE28: DEC | BJ28: 2022
A29: RTO | B29: TOTAL | C29: CLASSIC | D29: % | E29: OTHERS | F29: % | G29: TOTAL | H29: CLASSIC | I29: % | J29: OTHERS | K29: % | L29: TOTAL | M29: CLASSIC | N29: % | O29: OTHERS | P29: % | Q29: TOTAL | R29: CLASSIC | S29: % | T29: OTHERS | U29: % | V29: TOTAL | W29: CLASSIC | X29: % | Y29: OTHERS | Z29: % | AA29: TOTAL | AB29: CLASSIC | AC29: % | AD29: OTHERS | AE29: % | AF29: TOTAL | AG29: CLASSIC | AH29: % | AI29: OTHERS | AJ29: % | AK29: TOTAL | AL29: CLASSIC | AM29: % | AN29: OTHERS | AO29: % | AP29: TOTAL | AQ29: CLASSIC | AR29: % | AS29: OTHERS | AT29: % | AU29: TOTAL | AV29: CLASSIC | AW29: % | AX29: OTHERS | AY29: % | AZ29: TOTAL | BA29: CLASSIC | BB29: % | BC29: OTHERS | BD29: % | BE29: TOTAL | BF29: CLASSIC | BG29: % | BH29: OTHERS | BI29: % | BJ29: TOTAL | BK29: CLASSIC | BL29: % | BM29: OTHERS | BN29: %
A30: MALAPPURAM | B30: 18 | C30: 6 | D30: =C30/B30 -> 0.33333333 | E30: =B30-C30 -> 12 | F30: =E30/B30 -> 0.66666667 | G30: 23 | H30: 7 | I30: =H30/G30 -> 0.30434783 | J30: =G30-H30 -> 16 | K30: =J30/G30 -> 0.69565217 | L30: 15 | M30: 4 | N30: =M30/L30 -> 0.26666667 | O30: =L30-M30 -> 11 | P30: =O30/L30 -> 0.73333333 | Q30: 23 | R30: 4 | S30: =R30/Q30 -> 0.17391304 | T30: =Q30-R30 -> 19 | U30: =T30/Q30 -> 0.82608696 | V30: 22 | W30: 6 | X30: =W30/V30 -> 0.27272727 | Y30: =V30-W30 -> 16 | Z30: =Y30/V30 -> 0.72727273 | AA30: 21 | AB30: 5 | AC30: =AB30/AA30 -> 0.23809524 | AD30: =AA30-AB30 -> 16 | AE30: =AD30/AA30 -> 0.76190476 | AF30: 22 | AG30: 7 | AH30: =AG30/AF30 -> 0.31818182 | AI30: =AF30-AG30 -> 15 | AJ30: =AI30/AF30 -> 0.68181818 | AK30: 32 | AL30: 11 | AM30: =AL30/AK30 -> 0.34375 | AN30: =AK30-AL30 -> 21 | AO30: =AN30/AK30 -> 0.65625 | AP30: 28 | AQ30: 1 | AR30: =AQ30/AP30 -> 0.035714286 | AS30: =AP30-AQ30 -> 27 | AT30: =AS30/AP30 -> 0.96428571 | AU30: 19 | AV30: 10 | AW30: =AV30/AU30 -> 0.52631579 | AX30: =AU30-AV30 -> 9 | AY30: =AX30/AU30 -> 0.47368421 | AZ30: 19 | BA30: 9 | BB30: =BA30/AZ30 -> 0.47368421 | BC30: =AZ30-BA30 -> 10 | BD30: =BC30/AZ30 -> 0.52631579 | BE30: 27 | BF30: 11 | BG30: =BF30/BE30 -> 0.40740741 | BH30: =BE30-BF30 -> 16 | BI30: =BH30/BE30 -> 0.59259259 | BJ30: =B30+G30+L30+Q30+V30+AA30+AF30+AK30+AP30+AU30+AZ30+BE30 -> 269 | BK30: =C30+H30+M30+R30+W30+AB30+AG30+AL30+AQ30+AV30+BA30+BF30 -> 81 | BL30: =BK30/BJ30 -> 0.30111524 | BM30: =BJ30-BK30 -> 188 | BN30: =BM30/BJ30 -> 0.69888476
A31: KONDOTTY | B31: 8 | C31: 0 | D31: =C31/B31 -> 0 | E31: =B31-C31 -> 8 | F31: =E31/B31 -> 1 | G31: 15 | H31: 3 | I31: =H31/G31 -> 0.2 | J31: =G31-H31 -> 12 | K31: =J31/G31 -> 0.8 | L31: 10 | M31: 1 | N31: =M31/L31 -> 0.1 | O31: =L31-M31 -> 9 | P31: =O31/L31 -> 0.9 | Q31: 12 | R31: 2 | S31: =R31/Q31 -> 0.16666667 | T31: =Q31-R31 -> 10 | U31: =T31/Q31 -> 0.83333333 | V31: 13 | W31: 5 | X31: =W31/V31 -> 0.38461538 | Y31: =V31-W31 -> 8 | Z31: =Y31/V31 -> 0.61538462 | AA31: 18 | AB31: 1 | AC31: =AB31/AA31 -> 0.055555556 | AD31: =AA31-AB31 -> 17 | AE31: =AD31/AA31 -> 0.94444444 | AF31: 17 | AG31: 3 | AH31: =AG31/AF31 -> 0.17647059 | AI31: =AF31-AG31 -> 14 | AJ31: =AI31/AF31 -> 0.82352941 | AK31: 23 | AL31: 5 | AM31: =AL31/AK31 -> 0.2173913 | AN31: =AK31-AL31 -> 18 | AO31: =AN31/AK31 -> 0.7826087 | AP31: 14 | AQ31: 2 | AR31: =AQ31/AP31 -> 0.14285714 | AS31: =AP31-AQ31 -> 12 | AT31: =AS31/AP31 -> 0.85714286 | AU31: 13 | AV31: 3 | AW31: =AV31/AU31 -> 0.23076923 | AX31: =AU31-AV31 -> 10 | AY31: =AX31/AU31 -> 0.76923077 | AZ31: 13 | BA31: 4 | BB31: =BA31/AZ31 -> 0.30769231 | BC31: =AZ31-BA31 -> 9 | BD31: =BC31/AZ31 -> 0.69230769 | BE31: 16 | BF31: 3 | BG31: =BF31/BE31 -> 0.1875 | BH31: =BE31-BF31 -> 13 | BI31: =BH31/BE31 -> 0.8125 | BJ31: =B31+G31+L31+Q31+V31+AA31+AF31+AK31+AP31+AU31+AZ31+BE31 -> 172 | BK31: =C31+H31+M31+R31+W31+AB31+AG31+AL31+AQ31+AV31+BA31+BF31 -> 32 | BL31: =BK31/BJ31 -> 0.18604651 | BM31: =BJ31-BK31 -> 140 | BN31: =BM31/BJ31 -> 0.81395349
A32: NILAMBUR | B32: 7 | C32: 3 | D32: =C32/B32 -> 0.42857143 | E32: =B32-C32 -> 4 | F32: =E32/B32 -> 0.57142857 | G32: 10 | H32: 4 | I32: =H32/G32 -> 0.4 | J32: =G32-H32 -> 6 | K32: =J32/G32 -> 0.6 | L32: 10 | M32: 5 | N32: =M32/L32 -> 0.5 | O32: =L32-M32 -> 5 | P32: =O32/L32 -> 0.5 | Q32: 6 | R32: 3 | S32: =R32/Q32 -> 0.5 | T32: =Q32-R32 -> 3 | U32: =T32/Q32 -> 0.5 | V32: 14 | W32: 4 | X32: =W32/V32 -> 0.28571429 | Y32: =V32-W32 -> 10 | Z32: =Y32/V32 -> 0.71428571 | AA32: 10 | AB32: 3 | AC32: =AB32/AA32 -> 0.3 | AD32: =AA32-AB32 -> 7 | AE32: =AD32/AA32 -> 0.7 | AF32: 9 | AG32: 1 | AH32: =AG32/AF32 -> 0.11111111 | AI32: =AF32-AG32 -> 8 | AJ32: =AI32/AF32 -> 0.88888889 | AK32: 11 | AL32: 4 | AM32: =AL32/AK32 -> 0.36363636 | AN32: =AK32-AL32 -> 7 | AO32: =AN32/AK32 -> 0.63636364 | AP32: 14 | AQ32: 5 | AR32: =AQ32/AP32 -> 0.35714286 | AS32: =AP32-AQ32 -> 9 | AT32: =AS32/AP32 -> 0.64285714 | AU32: 7 | AV32: 3 | AW32: =AV32/AU32 -> 0.42857143 | AX32: =AU32-AV32 -> 4 | AY32: =AX32/AU32 -> 0.57142857 | AZ32: 13 | BA32: 4 | BB32: =BA32/AZ32 -> 0.30769231 | BC32: =AZ32-BA32 -> 9 | BD32: =BC32/AZ32 -> 0.69230769 | BE32: 13 | BF32: 5 | BG32: =BF32/BE32 -> 0.38461538 | BH32: =BE32-BF32 -> 8 | BI32: =BH32/BE32 -> 0.61538462 | BJ32: =B32+G32+L32+Q32+V32+AA32+AF32+AK32+AP32+AU32+AZ32+BE32 -> 124 | BK32: =C32+H32+M32+R32+W32+AB32+AG32+AL32+AQ32+AV32+BA32+BF32 -> 44 | BL32: =BK32/BJ32 -> 0.35483871 | BM32: =BJ32-BK32 -> 80 | BN32: =BM32/BJ32 -> 0.64516129
A33: PERINTHALMANNA | B33: 10 | C33: 2 | D33: =C33/B33 -> 0.2 | E33: =B33-C33 -> 8 | F33: =E33/B33 -> 0.8 | G33: 15 | H33: 2 | I33: =H33/G33 -> 0.13333333 | J33: =G33-H33 -> 13 | K33: =J33/G33 -> 0.86666667 | L33: 13 | M33: 1 | N33: =M33/L33 -> 0.076923077 | O33: =L33-M33 -> 12 | P33: =O33/L33 -> 0.92307692 | Q33: 11 | R33: 0 | S33: =R33/Q33 -> 0 | T33: =Q33-R33 -> 11 | U33: =T33/Q33 -> 1 | V33: 9 | W33: 0 | X33: =W33/V33 -> 0 | Y33: =V33-W33 -> 9 | Z33: =Y33/V33 -> 1 | AA33: 10 | AB33: 3 | AC33: =AB33/AA33 -> 0.3 | AD33: =AA33-AB33 -> 7 | AE33: =AD33/AA33 -> 0.7 | AF33: 12 | AG33: 1 | AH33: =AG33/AF33 -> 0.083333333 | AI33: =AF33-AG33 -> 11 | AJ33: =AI33/AF33 -> 0.91666667 | AK33: 18 | AL33: 1 | AM33: =AL33/AK33 -> 0.055555556 | AN33: =AK33-AL33 -> 17 | AO33: =AN33/AK33 -> 0.94444444 | AP33: 16 | AQ33: 3 | AR33: =AQ33/AP33 -> 0.1875 | AS33: =AP33-AQ33 -> 13 | AT33: =AS33/AP33 -> 0.8125 | AU33: 11 | AV33: 1 | AW33: =AV33/AU33 -> 0.090909091 | AX33: =AU33-AV33 -> 10 | AY33: =AX33/AU33 -> 0.90909091 | AZ33: 13 | BA33: 2 | BB33: =BA33/AZ33 -> 0.15384615 | BC33: =AZ33-BA33 -> 11 | BD33: =BC33/AZ33 -> 0.84615385 | BE33: 20 | BF33: 1 | BG33: =BF33/BE33 -> 0.05 | BH33: =BE33-BF33 -> 19 | BI33: =BH33/BE33 -> 0.95 | BJ33: =B33+G33+L33+Q33+V33+AA33+AF33+AK33+AP33+AU33+AZ33+BE33 -> 158 | BK33: =C33+H33+M33+R33+W33+AB33+AG33+AL33+AQ33+AV33+BA33+BF33 -> 17 | BL33: =BK33/BJ33 -> 0.10759494 | BM33: =BJ33-BK33 -> 141 | BN33: =BM33/BJ33 -> 0.89240506
A34: THIRUR | B34: 23 | C34: 7 | D34: =C34/B34 -> 0.30434783 | E34: =B34-C34 -> 16 | F34: =E34/B34 -> 0.69565217 | G34: 28 | H34: 5 | I34: =H34/G34 -> 0.17857143 | J34: =G34-H34 -> 23 | K34: =J34/G34 -> 0.82142857 | L34: 25 | M34: 6 | N34: =M34/L34 -> 0.24 | O34: =L34-M34 -> 19 | P34: =O34/L34 -> 0.76 | Q34: 20 | R34: 2 | S34: =R34/Q34 -> 0.1 | T34: =Q34-R34 -> 18 | U34: =T34/Q34 -> 0.9 | V34: 18 | W34: 3 | X34: =W34/V34 -> 0.16666667 | Y34: =V34-W34 -> 15 | Z34: =Y34/V34 -> 0.83333333 | AA34: 22 | AB34: 6 | AC34: =AB34/AA34 -> 0.27272727 | AD34: =AA34-AB34 -> 16 | AE34: =AD34/AA34 -> 0.72727273 | AF34: 30 | AG34: 2 | AH34: =AG34/AF34 -> 0.066666667 | AI34: =AF34-AG34 -> 28 | AJ34: =AI34/AF34 -> 0.93333333 | AK34: 36 | AL34: 8 | AM34: =AL34/AK34 -> 0.22222222 | AN34: =AK34-AL34 -> 28 | AO34: =AN34/AK34 -> 0.77777778 | AP34: 22 | AQ34: 5 | AR34: =AQ34/AP34 -> 0.22727273 | AS34: =AP34-AQ34 -> 17 | AT34: =AS34/AP34 -> 0.77272727 | AU34: 27 | AV34: 4 | AW34: =AV34/AU34 -> 0.14814815 | AX34: =AU34-AV34 -> 23 | AY34: =AX34/AU34 -> 0.85185185 | AZ34: 16 | BA34: 3 | BB34: =BA34/AZ34 -> 0.1875 | BC34: =AZ34-BA34 -> 13 | BD34: =BC34/AZ34 -> 0.8125 | BE34: 25 | BF34: 3 | BG34: =BF34/BE34 -> 0.12 | BH34: =BE34-BF34 -> 22 | BI34: =BH34/BE34 -> 0.88 | BJ34: =B34+G34+L34+Q34+V34+AA34+AF34+AK34+AP34+AU34+AZ34+BE34 -> 292 | BK34: =C34+H34+M34+R34+W34+AB34+AG34+AL34+AQ34+AV34+BA34+BF34 -> 54 | BL34: =BK34/BJ34 -> 0.18493151 | BM34: =BJ34-BK34 -> 238 | BN34: =BM34/BJ34 -> 0.81506849
A35: THIRURANGADI | B35: 22 | C35: 9 | D35: =C35/B35 -> 0.40909091 | E35: =B35-C35 -> 13 | F35: =E35/B35 -> 0.59090909 | G35: 26 | H35: 17 | I35: =H35/G35 -> 0.65384615 | J35: =G35-H35 -> 9 | K35: =J35/G35 -> 0.34615385 | L35: 21 | M35: 9 | N35: =M35/L35 -> 0.42857143 | O35: =L35-M35 -> 12 | P35: =O35/L35 -> 0.57142857 | Q35: 18 | R35: 8 | S35: =R35/Q35 -> 0.44444444 | T35: =Q35-R35 -> 10 | U35: =T35/Q35 -> 0.55555556 | V35: 18 | W35: 7 | X35: =W35/V35 -> 0.38888889 | Y35: =V35-W35 -> 11 | Z35: =Y35/V35 -> 0.61111111 | AA35: 15 | AB35: 4 | AC35: =AB35/AA35 -> 0.26666667 | AD35: =AA35-AB35 -> 11 | AE35: =AD35/AA35 -> 0.73333333 | AF35: 18 | AG35: 6 | AH35: =AG35/AF35 -> 0.33333333 | AI35: =AF35-AG35 -> 12 | AJ35: =AI35/AF35 -> 0.66666667 | AK35: 36 | AL35: 17 | AM35: =AL35/AK35 -> 0.47222222 | AN35: =AK35-AL35 -> 19 | AO35: =AN35/AK35 -> 0.52777778 | AP35: 21 | AQ35: 8 | AR35: =AQ35/AP35 -> 0.38095238 | AS35: =AP35-AQ35 -> 13 | AT35: =AS35/AP35 -> 0.61904762 | AU35: 23 | AV35: 9 | AW35: =AV35/AU35 -> 0.39130435 | AX35: =AU35-AV35 -> 14 | AY35: =AX35/AU35 -> 0.60869565 | AZ35: 36 | BA35: 10 | BB35: =BA35/AZ35 -> 0.27777778 | BC35: =AZ35-BA35 -> 26 | BD35: =BC35/AZ35 -> 0.72222222 | BE35: 25 | BF35: 2 | BG35: =BF35/BE35 -> 0.08 | BH35: =BE35-BF35 -> 23 | BI35: =BH35/BE35 -> 0.92 | BJ35: =B35+G35+L35+Q35+V35+AA35+AF35+AK35+AP35+AU35+AZ35+BE35 -> 279 | BK35: =C35+H35+M35+R35+W35+AB35+AG35+AL35+AQ35+AV35+BA35+BF35 -> 106 | BL35: =BK35/BJ35 -> 0.37992832 | BM35: =BJ35-BK35 -> 173 | BN35: =BM35/BJ35 -> 0.62007168
A36: PONNANI | B36: 10 | C36: 5 | D36: =C36/B36 -> 0.5 | E36: =B36-C36 -> 5 | F36: =E36/B36 -> 0.5 | G36: 13 | H36: 1 | I36: =H36/G36 -> 0.076923077 | J36: =G36-H36 -> 12 | K36: =J36/G36 -> 0.92307692 | L36: 6 | M36: 1 | N36: =M36/L36 -> 0.16666667 | O36: =L36-M36 -> 5 | P36: =O36/L36 -> 0.83333333 | Q36: 11 | R36: 3 | S36: =R36/Q36 -> 0.27272727 | T36: =Q36-R36 -> 8 | U36: =T36/Q36 -> 0.72727273 | V36: 9 | W36: 1 | X36: =W36/V36 -> 0.11111111 | Y36: =V36-W36 -> 8 | Z36: =Y36/V36 -> 0.88888889 | AA36: 5 | AB36: 1 | AC36: =AB36/AA36 -> 0.2 | AD36: =AA36-AB36 -> 4 | AE36: =AD36/AA36 -> 0.8 | AF36: 20 | AG36: 1 | AH36: =AG36/AF36 -> 0.05 | AI36: =AF36-AG36 -> 19 | AJ36: =AI36/AF36 -> 0.95 | AK36: 13 | AL36: 10 | AM36: =AL36/AK36 -> 0.76923077 | AN36: =AK36-AL36 -> 3 | AO36: =AN36/AK36 -> 0.23076923 | AP36: 14 | AQ36: 3 | AR36: =AQ36/AP36 -> 0.21428571 | AS36: =AP36-AQ36 -> 11 | AT36: =AS36/AP36 -> 0.78571429 | AU36: 9 | AV36: 5 | AW36: =AV36/AU36 -> 0.55555556 | AX36: =AU36-AV36 -> 4 | AY36: =AX36/AU36 -> 0.44444444 | AZ36: 11 | BA36: 2 | BB36: =BA36/AZ36 -> 0.18181818 | BC36: =AZ36-BA36 -> 9 | BD36: =BC36/AZ36 -> 0.81818182 | BE36: 8 | BF36: 5 | BG36: =BF36/BE36 -> 0.625 | BH36: =BE36-BF36 -> 3 | BI36: =BH36/BE36 -> 0.375 | BJ36: =B36+G36+L36+Q36+V36+AA36+AF36+AK36+AP36+AU36+AZ36+BE36 -> 129 | BK36: =C36+H36+M36+R36+W36+AB36+AG36+AL36+AQ36+AV36+BA36+BF36 -> 38 | BL36: =BK36/BJ36 -> 0.29457364 | BM36: =BJ36-BK36 -> 91 | BN36: =BM36/BJ36 -> 0.70542636
A37: OTHER | C37: 7 | H37: 5 | M37: 1 | R37: 8 | W37: 4 | AB37: 4 | AG37: 1 | AL37: 6 | BA37: 2 | BF37: 5 | BK37: =C37+H37+M37+R37+W37+AB37+AG37+AL37+AQ37+AV37+BA37+BF37 -> 43
A38: TOTAL | B38: =SUM(B30:B36) -> 98 | C38: =SUM(C30:C36) -> 32 | D38: =C38/B38 -> 0.32653061 | E38: =B38-C38 -> 66 | F38: =E38/B38 -> 0.67346939 | G38: =SUM(G30:G36) -> 130 | H38: =SUM(H30:H36) -> 39 | I38: =H38/G38 -> 0.3 | J38: =G38-H38 -> 91 | K38: =J38/G38 -> 0.7 | L38: =SUM(L30:L36) -> 100 | M38: =SUM(M30:M36) -> 27 | N38: =M38/L38 -> 0.27 | O38: =L38-M38 -> 73 | P38: =O38/L38 -> 0.73 | Q38: =SUM(Q30:Q36) -> 101 | R38: =SUM(R30:R36) -> 22 | S38: =R38/Q38 -> 0.21782178 | T38: =Q38-R38 -> 79 | U38: =T38/Q38 -> 0.78217822 | V38: =SUM(V30:V36) -> 103 | W38: =SUM(W30:W36) -> 26 | X38: =W38/V38 -> 0.25242718 | Y38: =V38-W38 -> 77 | Z38: =Y38/V38 -> 0.74757282 | AA38: =SUM(AA30:AA36) -> 101 | AB38: =SUM(AB30:AB36) -> 23 | AC38: =AB38/AA38 -> 0.22772277 | AD38: =AA38-AB38 -> 78 | AE38: =AD38/AA38 -> 0.77227723 | AF38: =SUM(AF30:AF36) -> 128 | AG38: =SUM(AG30:AG36) -> 21 | AH38: =AG38/AF38 -> 0.1640625 | AI38: =AF38-AG38 -> 107 | AJ38: =AI38/AF38 -> 0.8359375 | AK38: =SUM(AK30:AK36) -> 169 | AL38: =SUM(AL30:AL36) -> 56 | AM38: =AL38/AK38 -> 0.33136095 | AN38: =AK38-AL38 -> 113 | AO38: =AN38/AK38 -> 0.66863905 | AP38: =SUM(AP30:AP36) -> 129 | AQ38: =SUM(AQ30:AQ36) -> 27 | AR38: =AQ38/AP38 -> 0.20930233 | AS38: =AP38-AQ38 -> 102 | AT38: =AS38/AP38 -> 0.79069767 | AU38: =SUM(AU30:AU36) -> 109 | AV38: =SUM(AV30:AV36) -> 35 | AW38: =AV38/AU38 -> 0.32110092 | AX38: =AU38-AV38 -> 74 | AY38: =AX38/AU38 -> 0.67889908 | AZ38: =SUM(AZ30:AZ36) -> 121 | BA38: =SUM(BA30:BA36) -> 34 | BB38: =BA38/AZ38 -> 0.28099174 | BC38: =AZ38-BA38 -> 87 | BD38: =BC38/AZ38 -> 0.71900826 | BE38: =SUM(BE30:BE36) -> 134 | BF38: =SUM(BF30:BF36) -> 30 | BG38: =BF38/BE38 -> 0.2238806 | BH38: =BE38-BF38 -> 104 | BI38: =BH38/BE38 -> 0.7761194 | BJ38: =SUM(BJ30:BJ36) -> 1423 | BK38: =SUM(BK30:BK36) -> 372 | BL38: =BK38/BJ38 -> 0.26141954 | BM38: =BJ38-BK38 -> 1051 | BN38: =BM38/BJ38 -> 0.73858046
A40: RTO WISE REPORT - 2021
B41: JAN | G41: FEB | L41: MAR | Q41: APR | V41: MAY | AA41: JUN | AF41: JUL | AK41: AUG | AP41: SEP | AU41: OCT | AZ41: NOV | BE41: DEC | BJ41: 2021
A42: RTO | B42: TOTAL | C42: CLASSIC | D42: % | E42: OTHERS | F42: % | G42: TOTAL | H42: CLASSIC | I42: % | J42: OTHERS | K42: % | L42: TOTAL | M42: CLASSIC | N42: % | O42: OTHERS | P42: % | Q42: TOTAL | R42: CLASSIC | S42: % | T42: OTHERS | U42: % | V42: TOTAL | W42: CLASSIC | X42: % | Y42: OTHERS | Z42: % | AA42: TOTAL | AB42: CLASSIC | AC42: % | AD42: OTHERS | AE42: % | AF42: TOTAL | AG42: CLASSIC | AH42: % | AI42: OTHERS | AJ42: % | AK42: TOTAL | AL42: CLASSIC | AM42: % | AN42: OTHERS | AO42: % | AP42: TOTAL | AQ42: CLASSIC | AR42: % | AS42: OTHERS | AT42: % | AU42: TOTAL | AV42: CLASSIC | AW42: % | AX42: OTHERS | AY42: % | AZ42: TOTAL | BA42: CLASSIC | BB42: % | BC42: OTHERS | BD42: % | BE42: TOTAL | BF42: CLASSIC | BG42: % | BH42: OTHERS | BI42: % | BJ42: TOTAL | BK42: CLASSIC | BL42: % | BM42: OTHERS | BN42: %
A43: MALAPPURAM | B43: 32 | C43: 12 | D43: =C43/B43 -> 0.375 | E43: =B43-C43 -> 20 | F43: =E43/B43 -> 0.625 | G43: 26 | H43: 6 | I43: =H43/G43 -> 0.23076923 | J43: =G43-H43 -> 20 | K43: =J43/G43 -> 0.76923077 | L43: 26 | M43: 8 | N43: =M43/L43 -> 0.30769231 | O43: =L43-M43 -> 18 | P43: =O43/L43 -> 0.69230769 | Q43: 26 | R43: 4 | S43: =R43/Q43 -> 0.15384615 | T43: =Q43-R43 -> 22 | U43: =T43/Q43 -> 0.84615385 | V43: 8 | W43: 0 | X43: =W43/V43 -> 0 | Y43: =V43-W43 -> 8 | Z43: =Y43/V43 -> 1 | AA43: 5 | AB43: 0 | AC43: =AB43/AA43 -> 0 | AD43: =AA43-AB43 -> 5 | AE43: =AD43/AA43 -> 1 | AF43: 23 | AG43: 6 | AH43: =AG43/AF43 -> 0.26086957 | AI43: =AF43-AG43 -> 17 | AJ43: =AI43/AF43 -> 0.73913043 | AK43: 30 | AL43: 9 | AM43: =AL43/AK43 -> 0.3 | AN43: =AK43-AL43 -> 21 | AO43: =AN43/AK43 -> 0.7 | AP43: 26 | AQ43: 16 | AR43: =AQ43/AP43 -> 0.61538462 | AS43: =AP43-AQ43 -> 10 | AT43: =AS43/AP43 -> 0.38461538 | AU43: 26 | AV43: 9 | AW43: =AV43/AU43 -> 0.34615385 | AX43: =AU43-AV43 -> 17 | AY43: =AX43/AU43 -> 0.65384615 | AZ43: 19 | BA43: 5 | BB43: =BA43/AZ43 -> 0.26315789 | BC43: =AZ43-BA43 -> 14 | BD43: =BC43/AZ43 -> 0.73684211 | BE43: 20 | BF43: 12 | BG43: =BF43/BE43 -> 0.6 | BH43: =BE43-BF43 -> 8 | BI43: =BH43/BE43 -> 0.4 | BJ43: =B43+G43+L43+Q43+V43+AA43+AF43+AK43+AP43+AU43+AZ43+BE43 -> 267 | BK43: =C43+H43+M43+R43+W43+AB43+AG43+AL43+AQ43+AV43+BA43+BF43 -> 87 | BL43: =BK43/BJ43 -> 0.3258427 | BM43: =BJ43-BK43 -> 180 | BN43: =BM43/BJ43 -> 0.6741573
A44: KONDOTTY | B44: 16 | C44: 3 | D44: =C44/B44 -> 0.1875 | E44: =B44-C44 -> 13 | F44: =E44/B44 -> 0.8125 | G44: 13 | H44: 7 | I44: =H44/G44 -> 0.53846154 | J44: =G44-H44 -> 6 | K44: =J44/G44 -> 0.46153846 | L44: 19 | M44: 4 | N44: =M44/L44 -> 0.21052632 | O44: =L44-M44 -> 15 | P44: =O44/L44 -> 0.78947368 | Q44: 15 | R44: 6 | S44: =R44/Q44 -> 0.4 | T44: =Q44-R44 -> 9 | U44: =T44/Q44 -> 0.6 | V44: 7 | W44: 0 | X44: =W44/V44 -> 0 | Y44: =V44-W44 -> 7 | Z44: =Y44/V44 -> 1 | AA44: 3 | AB44: 3 | AC44: =AB44/AA44 -> 1 | AD44: =AA44-AB44 -> 0 | AE44: =AD44/AA44 -> 0 | AF44: 18 | AG44: 4 | AH44: =AG44/AF44 -> 0.22222222 | AI44: =AF44-AG44 -> 14 | AJ44: =AI44/AF44 -> 0.77777778 | AK44: 17 | AL44: 4 | AM44: =AL44/AK44 -> 0.23529412 | AN44: =AK44-AL44 -> 13 | AO44: =AN44/AK44 -> 0.76470588 | AP44: 15 | AQ44: 7 | AR44: =AQ44/AP44 -> 0.46666667 | AS44: =AP44-AQ44 -> 8 | AT44: =AS44/AP44 -> 0.53333333 | AU44: 10 | AV44: 3 | AW44: =AV44/AU44 -> 0.3 | AX44: =AU44-AV44 -> 7 | AY44: =AX44/AU44 -> 0.7 | AZ44: 22 | BA44: 4 | BB44: =BA44/AZ44 -> 0.18181818 | BC44: =AZ44-BA44 -> 18 | BD44: =BC44/AZ44 -> 0.81818182 | BE44: 9 | BF44: 3 | BG44: =BF44/BE44 -> 0.33333333 | BH44: =BE44-BF44 -> 6 | BI44: =BH44/BE44 -> 0.66666667 | BJ44: =B44+G44+L44+Q44+V44+AA44+AF44+AK44+AP44+AU44+AZ44+BE44 -> 164 | BK44: =C44+H44+M44+R44+W44+AB44+AG44+AL44+AQ44+AV44+BA44+BF44 -> 48 | BL44: =BK44/BJ44 -> 0.29268293 | BM44: =BJ44-BK44 -> 116 | BN44: =BM44/BJ44 -> 0.70731707
A45: NILAMBUR | B45: 13 | C45: 10 | D45: =C45/B45 -> 0.76923077 | E45: =B45-C45 -> 3 | F45: =E45/B45 -> 0.23076923 | G45: 17 | H45: 10 | I45: =H45/G45 -> 0.58823529 | J45: =G45-H45 -> 7 | K45: =J45/G45 -> 0.41176471 | L45: 18 | M45: 8 | N45: =M45/L45 -> 0.44444444 | O45: =L45-M45 -> 10 | P45: =O45/L45 -> 0.55555556 | Q45: 15 | R45: 5 | S45: =R45/Q45 -> 0.33333333 | T45: =Q45-R45 -> 10 | U45: =T45/Q45 -> 0.66666667 | V45: 3 | W45: 1 | X45: =W45/V45 -> 0.33333333 | Y45: =V45-W45 -> 2 | Z45: =Y45/V45 -> 0.66666667 | AA45: 7 | AB45: 3 | AC45: =AB45/AA45 -> 0.42857143 | AD45: =AA45-AB45 -> 4 | AE45: =AD45/AA45 -> 0.57142857 | AF45: 13 | AG45: 7 | AH45: =AG45/AF45 -> 0.53846154 | AI45: =AF45-AG45 -> 6 | AJ45: =AI45/AF45 -> 0.46153846 | AK45: 23 | AL45: 4 | AM45: =AL45/AK45 -> 0.17391304 | AN45: =AK45-AL45 -> 19 | AO45: =AN45/AK45 -> 0.82608696 | AP45: 15 | AQ45: 5 | AR45: =AQ45/AP45 -> 0.33333333 | AS45: =AP45-AQ45 -> 10 | AT45: =AS45/AP45 -> 0.66666667 | AU45: 7 | AV45: 2 | AW45: =AV45/AU45 -> 0.28571429 | AX45: =AU45-AV45 -> 5 | AY45: =AX45/AU45 -> 0.71428571 | AZ45: 10 | BA45: 3 | BB45: =BA45/AZ45 -> 0.3 | BC45: =AZ45-BA45 -> 7 | BD45: =BC45/AZ45 -> 0.7 | BE45: 11 | BF45: 6 | BG45: =BF45/BE45 -> 0.54545455 | BH45: =BE45-BF45 -> 5 | BI45: =BH45/BE45 -> 0.45454545 | BJ45: =B45+G45+L45+Q45+V45+AA45+AF45+AK45+AP45+AU45+AZ45+BE45 -> 152 | BK45: =C45+H45+M45+R45+W45+AB45+AG45+AL45+AQ45+AV45+BA45+BF45 -> 64 | BL45: =BK45/BJ45 -> 0.42105263 | BM45: =BJ45-BK45 -> 88 | BN45: =BM45/BJ45 -> 0.57894737
A46: PERINTHALMANNA | B46: 14 | C46: 1 | D46: =C46/B46 -> 0.071428571 | E46: =B46-C46 -> 13 | F46: =E46/B46 -> 0.92857143 | G46: 23 | H46: 6 | I46: =H46/G46 -> 0.26086957 | J46: =G46-H46 -> 17 | K46: =J46/G46 -> 0.73913043 | L46: 27 | M46: 4 | N46: =M46/L46 -> 0.14814815 | O46: =L46-M46 -> 23 | P46: =O46/L46 -> 0.85185185 | Q46: 19 | R46: 5 | S46: =R46/Q46 -> 0.26315789 | T46: =Q46-R46 -> 14 | U46: =T46/Q46 -> 0.73684211 | V46: 0 | W46: 0 | X46: =W46/V46 -> #DIV/0! | Y46: =V46-W46 -> 0 | Z46: =Y46/V46 -> #DIV/0! | AA46: 9 | AB46: 0 | AC46: =AB46/AA46 -> 0 | AD46: =AA46-AB46 -> 9 | AE46: =AD46/AA46 -> 1 | AF46: 17 | AG46: 1 | AH46: =AG46/AF46 -> 0.058823529 | AI46: =AF46-AG46 -> 16 | AJ46: =AI46/AF46 -> 0.94117647 | AK46: 23 | AL46: 0 | AM46: =AL46/AK46 -> 0 | AN46: =AK46-AL46 -> 23 | AO46: =AN46/AK46 -> 1 | AP46: 12 | AQ46: 2 | AR46: =AQ46/AP46 -> 0.16666667 | AS46: =AP46-AQ46 -> 10 | AT46: =AS46/AP46 -> 0.83333333 | AU46: 10 | AV46: 4 | AW46: =AV46/AU46 -> 0.4 | AX46: =AU46-AV46 -> 6 | AY46: =AX46/AU46 -> 0.6 | AZ46: 11 | BA46: 2 | BB46: =BA46/AZ46 -> 0.18181818 | BC46: =AZ46-BA46 -> 9 | BD46: =BC46/AZ46 -> 0.81818182 | BE46: 12 | BF46: 2 | BG46: =BF46/BE46 -> 0.16666667 | BH46: =BE46-BF46 -> 10 | BI46: =BH46/BE46 -> 0.83333333 | BJ46: =B46+G46+L46+Q46+V46+AA46+AF46+AK46+AP46+AU46+AZ46+BE46 -> 177 | BK46: =C46+H46+M46+R46+W46+AB46+AG46+AL46+AQ46+AV46+BA46+BF46 -> 27 | BL46: =BK46/BJ46 -> 0.15254237 | BM46: =BJ46-BK46 -> 150 | BN46: =BM46/BJ46 -> 0.84745763
A47: THIRUR | B47: 31 | C47: 16 | D47: =C47/B47 -> 0.51612903 | E47: =B47-C47 -> 15 | F47: =E47/B47 -> 0.48387097 | G47: 38 | H47: 7 | I47: =H47/G47 -> 0.18421053 | J47: =G47-H47 -> 31 | K47: =J47/G47 -> 0.81578947 | L47: 45 | M47: 9 | N47: =M47/L47 -> 0.2 | O47: =L47-M47 -> 36 | P47: =O47/L47 -> 0.8 | Q47: 34 | R47: 7 | S47: =R47/Q47 -> 0.20588235 | T47: =Q47-R47 -> 27 | U47: =T47/Q47 -> 0.79411765 | V47: 13 | W47: 2 | X47: =W47/V47 -> 0.15384615 | Y47: =V47-W47 -> 11 | Z47: =Y47/V47 -> 0.84615385 | AA47: 19 | AB47: 2 | AC47: =AB47/AA47 -> 0.10526316 | AD47: =AA47-AB47 -> 17 | AE47: =AD47/AA47 -> 0.89473684 | AF47: 31 | AG47: 11 | AH47: =AG47/AF47 -> 0.35483871 | AI47: =AF47-AG47 -> 20 | AJ47: =AI47/AF47 -> 0.64516129 | AK47: 36 | AL47: 10 | AM47: =AL47/AK47 -> 0.27777778 | AN47: =AK47-AL47 -> 26 | AO47: =AN47/AK47 -> 0.72222222 | AP47: 38 | AQ47: 3 | AR47: =AQ47/AP47 -> 0.078947368 | AS47: =AP47-AQ47 -> 35 | AT47: =AS47/AP47 -> 0.92105263 | AU47: 20 | AV47: 3 | AW47: =AV47/AU47 -> 0.15 | AX47: =AU47-AV47 -> 17 | AY47: =AX47/AU47 -> 0.85 | AZ47: 16 | BA47: 4 | BB47: =BA47/AZ47 -> 0.25 | BC47: =AZ47-BA47 -> 12 | BD47: =BC47/AZ47 -> 0.75 | BE47: 15 | BF47: 6 | BG47: =BF47/BE47 -> 0.4 | BH47: =BE47-BF47 -> 9 | BI47: =BH47/BE47 -> 0.6 | BJ47: =B47+G47+L47+Q47+V47+AA47+AF47+AK47+AP47+AU47+AZ47+BE47 -> 336 | BK47: =C47+H47+M47+R47+W47+AB47+AG47+AL47+AQ47+AV47+BA47+BF47 -> 80 | BL47: =BK47/BJ47 -> 0.23809524 | BM47: =BJ47-BK47 -> 256 | BN47: =BM47/BJ47 -> 0.76190476
A48: THIRURANGADI | B48: 34 | C48: 20 | D48: =C48/B48 -> 0.58823529 | E48: =B48-C48 -> 14 | F48: =E48/B48 -> 0.41176471 | G48: 24 | H48: 23 | I48: =H48/G48 -> 0.95833333 | J48: =G48-H48 -> 1 | K48: =J48/G48 -> 0.041666667 | L48: 38 | M48: 17 | N48: =M48/L48 -> 0.44736842 | O48: =L48-M48 -> 21 | P48: =O48/L48 -> 0.55263158 | Q48: 16 | R48: 8 | S48: =R48/Q48 -> 0.5 | T48: =Q48-R48 -> 8 | U48: =T48/Q48 -> 0.5 | V48: 16 | W48: 1 | X48: =W48/V48 -> 0.0625 | Y48: =V48-W48 -> 15 | Z48: =Y48/V48 -> 0.9375 | AA48: 13 | AB48: 4 | AC48: =AB48/AA48 -> 0.30769231 | AD48: =AA48-AB48 -> 9 | AE48: =AD48/AA48 -> 0.69230769 | AF48: 21 | AG48: 11 | AH48: =AG48/AF48 -> 0.52380952 | AI48: =AF48-AG48 -> 10 | AJ48: =AI48/AF48 -> 0.47619048 | AK48: 36 | AL48: 23 | AM48: =AL48/AK48 -> 0.63888889 | AN48: =AK48-AL48 -> 13 | AO48: =AN48/AK48 -> 0.36111111 | AP48: 33 | AQ48: 11 | AR48: =AQ48/AP48 -> 0.33333333 | AS48: =AP48-AQ48 -> 22 | AT48: =AS48/AP48 -> 0.66666667 | AU48: 15 | AV48: 6 | AW48: =AV48/AU48 -> 0.4 | AX48: =AU48-AV48 -> 9 | AY48: =AX48/AU48 -> 0.6 | AZ48: 18 | BA48: 10 | BB48: =BA48/AZ48 -> 0.55555556 | BC48: =AZ48-BA48 -> 8 | BD48: =BC48/AZ48 -> 0.44444444 | BE48: 24 | BF48: 12 | BG48: =BF48/BE48 -> 0.5 | BH48: =BE48-BF48 -> 12 | BI48: =BH48/BE48 -> 0.5 | BJ48: =B48+G48+L48+Q48+V48+AA48+AF48+AK48+AP48+AU48+AZ48+BE48 -> 288 | BK48: =C48+H48+M48+R48+W48+AB48+AG48+AL48+AQ48+AV48+BA48+BF48 -> 146 | BL48: =BK48/BJ48 -> 0.50694444 | BM48: =BJ48-BK48 -> 142 | BN48: =BM48/BJ48 -> 0.49305556
A49: PONNANI | B49: 23 | C49: 10 | D49: =C49/B49 -> 0.43478261 | E49: =B49-C49 -> 13 | F49: =E49/B49 -> 0.56521739 | G49: 18 | H49: 6 | I49: =H49/G49 -> 0.33333333 | J49: =G49-H49 -> 12 | K49: =J49/G49 -> 0.66666667 | L49: 19 | M49: 6 | N49: =M49/L49 -> 0.31578947 | O49: =L49-M49 -> 13 | P49: =O49/L49 -> 0.68421053 | Q49: 13 | R49: 6 | S49: =R49/Q49 -> 0.46153846 | T49: =Q49-R49 -> 7 | U49: =T49/Q49 -> 0.53846154 | V49: 5 | W49: 0 | X49: =W49/V49 -> 0 | Y49: =V49-W49 -> 5 | Z49: =Y49/V49 -> 1 | AA49: 10 | AB49: 1 | AC49: =AB49/AA49 -> 0.1 | AD49: =AA49-AB49 -> 9 | AE49: =AD49/AA49 -> 0.9 | AF49: 11 | AG49: 3 | AH49: =AG49/AF49 -> 0.27272727 | AI49: =AF49-AG49 -> 8 | AJ49: =AI49/AF49 -> 0.72727273 | AK49: 18 | AL49: 8 | AM49: =AL49/AK49 -> 0.44444444 | AN49: =AK49-AL49 -> 10 | AO49: =AN49/AK49 -> 0.55555556 | AP49: 15 | AQ49: 5 | AR49: =AQ49/AP49 -> 0.33333333 | AS49: =AP49-AQ49 -> 10 | AT49: =AS49/AP49 -> 0.66666667 | AU49: 8 | AV49: 1 | AW49: =AV49/AU49 -> 0.125 | AX49: =AU49-AV49 -> 7 | AY49: =AX49/AU49 -> 0.875 | AZ49: 7 | BA49: 1 | BB49: =BA49/AZ49 -> 0.14285714 | BC49: =AZ49-BA49 -> 6 | BD49: =BC49/AZ49 -> 0.85714286 | BE49: 12 | BF49: 5 | BG49: =BF49/BE49 -> 0.41666667 | BH49: =BE49-BF49 -> 7 | BI49: =BH49/BE49 -> 0.58333333 | BJ49: =B49+G49+L49+Q49+V49+AA49+AF49+AK49+AP49+AU49+AZ49+BE49 -> 159 | BK49: =C49+H49+M49+R49+W49+AB49+AG49+AL49+AQ49+AV49+BA49+BF49 -> 52 | BL49: =BK49/BJ49 -> 0.32704403 | BM49: =BJ49-BK49 -> 107 | BN49: =BM49/BJ49 -> 0.67295597
A50: OTHER | C50: 8 | H50: 7 | M50: 10 | W50: 2 | AB50: 3 | AG50: 7 | AL50: 7 | AQ50: 7 | AV50: 4 | BA50: 7 | BF50: 3 | BK50: =C50+H50+M50+R50+W50+AB50+AG50+AL50+AQ50+AV50+BA50+BF50 -> 65
A51: TOTAL | B51: =SUM(B43:B49) -> 163 | C51: =SUM(C43:C49) -> 72 | D51: =C51/B51 -> 0.44171779 | E51: =B51-C51 -> 91 | F51: =E51/B51 -> 0.55828221 | G51: =SUM(G43:G49) -> 159 | H51: =SUM(H43:H49) -> 65 | I51: =H51/G51 -> 0.40880503 | J51: =G51-H51 -> 94 | K51: =J51/G51 -> 0.59119497 | L51: =SUM(L43:L49) -> 192 | M51: =SUM(M43:M49) -> 56 | N51: =M51/L51 -> 0.29166667 | O51: =L51-M51 -> 136 | P51: =O51/L51 -> 0.70833333 | Q51: =SUM(Q43:Q49) -> 138 | R51: =SUM(R43:R50) -> 41 | S51: =R51/Q51 -> 0.29710145 | T51: =Q51-R51 -> 97 | U51: =T51/Q51 -> 0.70289855 | V51: =SUM(V43:V49) -> 52 | W51: =SUM(W43:W49) -> 4 | X51: =W51/V51 -> 0.076923077 | Y51: =V51-W51 -> 48 | Z51: =Y51/V51 -> 0.92307692 | AA51: =SUM(AA43:AA49) -> 66 | AB51: =SUM(AB43:AB49) -> 13 | AC51: =AB51/AA51 -> 0.1969697 | AD51: =AA51-AB51 -> 53 | AE51: =AD51/AA51 -> 0.8030303 | AF51: =SUM(AF43:AF49) -> 134 | AG51: =SUM(AG43:AG49) -> 43 | AH51: =AG51/AF51 -> 0.32089552 | AI51: =AF51-AG51 -> 91 | AJ51: =AI51/AF51 -> 0.67910448 | AK51: =SUM(AK43:AK49) -> 183 | AL51: =SUM(AL43:AL49) -> 58 | AM51: =AL51/AK51 -> 0.31693989 | AN51: =AK51-AL51 -> 125 | AO51: =AN51/AK51 -> 0.68306011 | AP51: =SUM(AP43:AP49) -> 154 | AQ51: =SUM(AQ43:AQ49) -> 49 | AR51: =AQ51/AP51 -> 0.31818182 | AS51: =AP51-AQ51 -> 105 | AT51: =AS51/AP51 -> 0.68181818 | AU51: =SUM(AU43:AU49) -> 96 | AV51: =SUM(AV43:AV49) -> 28 | AW51: =AV51/AU51 -> 0.29166667 | AX51: =AU51-AV51 -> 68 | AY51: =AX51/AU51 -> 0.70833333 | AZ51: =SUM(AZ43:AZ49) -> 103 | BA51: =SUM(BA43:BA49) -> 29 | BB51: =BA51/AZ51 -> 0.2815534 | BC51: =AZ51-BA51 -> 74 | BD51: =BC51/AZ51 -> 0.7184466 | BE51: =SUM(BE43:BE49) -> 103 | BF51: =SUM(BF43:BF49) -> 46 | BG51: =BF51/BE51 -> 0.44660194 | BH51: =BE51-BF51 -> 57 | BI51: =BH51/BE51 -> 0.55339806 | BJ51: =SUM(BJ43:BJ49) -> 1543 | BK51: =SUM(BK43:BK49) -> 504 | BL51: =BK51/BJ51 -> 0.32663642 | BM51: =BJ51-BK51 -> 1039 | BN51: =BM51/BJ51 -> 0.67336358
A53: RTO WISE REPORT - 2020
B54: JAN | G54: FEB | L54: MAR | Q54: APR | V54: MAY | AA54: JUN | AF54: JUL | AK54: AUG | AP54: SEP | AU54: OCT | AZ54: NOV | BE54: DEC | BJ54: 2020
A55: RTO | B55: TOTAL | C55: CLASSIC | D55: % | E55: OTHERS | F55: % | G55: TOTAL | H55: CLASSIC | I55: % | J55: OTHERS | K55: % | L55: TOTAL | M55: CLASSIC | N55: % | O55: OTHERS | P55: % | Q55: TOTAL | R55: CLASSIC | S55: % | T55: OTHERS | U55: % | V55: TOTAL | W55: CLASSIC | X55: % | Y55: OTHERS | Z55: % | AA55: TOTAL | AB55: CLASSIC | AC55: % | AD55: OTHERS | AE55: % | AF55: TOTAL | AG55: CLASSIC | AH55: % | AI55: OTHERS | AJ55: % | AK55: TOTAL | AL55: CLASSIC | AM55: % | AN55: OTHERS | AO55: % | AP55: TOTAL | AQ55: CLASSIC | AR55: % | AS55: OTHERS | AT55: % | AU55: TOTAL | AV55: CLASSIC | AW55: % | AX55: OTHERS | AY55: % | AZ55: TOTAL | BA55: CLASSIC | BB55: % | BC55: OTHERS | BD55: % | BE55: TOTAL | BF55: CLASSIC | BG55: % | BH55: OTHERS | BI55: % | BJ55: TOTAL | BK55: CLASSIC | BL55: % | BM55: OTHERS | BN55: %
A56: MALAPPURAM | B56: 18 | C56: 6 | D56: =C56/B56 -> 0.33333333 | E56: =B56-C56 -> 12 | F56: =E56/B56 -> 0.66666667 | G56: 23 | H56: 7 | I56: =H56/G56 -> 0.30434783 | J56: =G56-H56 -> 16 | K56: =J56/G56 -> 0.69565217 | L56: 15 | M56: 4 | N56: =M56/L56 -> 0.26666667 | O56: =L56-M56 -> 11 | P56: =O56/L56 -> 0.73333333 | Q56: 23 | R56: 4 | S56: =R56/Q56 -> 0.17391304 | T56: =Q56-R56 -> 19 | U56: =T56/Q56 -> 0.82608696 | V56: 22 | W56: 6 | X56: =W56/V56 -> 0.27272727 | Y56: =V56-W56 -> 16 | Z56: =Y56/V56 -> 0.72727273 | AA56: 21 | AB56: 5 | AC56: =AB56/AA56 -> 0.23809524 | AD56: =AA56-AB56 -> 16 | AE56: =AD56/AA56 -> 0.76190476 | AF56: 22 | AG56: 7 | AH56: =AG56/AF56 -> 0.31818182 | AI56: =AF56-AG56 -> 15 | AJ56: =AI56/AF56 -> 0.68181818 | AK56: 32 | AL56: 11 | AM56: =AL56/AK56 -> 0.34375 | AN56: =AK56-AL56 -> 21 | AO56: =AN56/AK56 -> 0.65625 | AP56: 28 | AQ56: 1 | AR56: =AQ56/AP56 -> 0.035714286 | AS56: =AP56-AQ56 -> 27 | AT56: =AS56/AP56 -> 0.96428571 | AU56: 19 | AV56: 10 | AW56: =AV56/AU56 -> 0.52631579 | AX56: =AU56-AV56 -> 9 | AY56: =AX56/AU56 -> 0.47368421 | AZ56: 19 | BA56: 9 | BB56: =BA56/AZ56 -> 0.47368421 | BC56: =AZ56-BA56 -> 10 | BD56: =BC56/AZ56 -> 0.52631579 | BE56: 27 | BF56: 11 | BG56: =BF56/BE56 -> 0.40740741 | BH56: =BE56-BF56 -> 16 | BI56: =BH56/BE56 -> 0.59259259 | BJ56: =B56+G56+L56+Q56+V56+AA56+AF56+AK56+AP56+AU56+AZ56+BE56 -> 269 | BK56: =C56+H56+M56+R56+W56+AB56+AG56+AL56+AQ56+AV56+BA56+BF56 -> 81 | BL56: =BK56/BJ56 -> 0.30111524 | BM56: =BJ56-BK56 -> 188 | BN56: =BM56/BJ56 -> 0.69888476
A57: KONDOTTY | B57: 8 | C57: 0 | D57: =C57/B57 -> 0 | E57: =B57-C57 -> 8 | F57: =E57/B57 -> 1 | G57: 15 | H57: 3 | I57: =H57/G57 -> 0.2 | J57: =G57-H57 -> 12 | K57: =J57/G57 -> 0.8 | L57: 10 | M57: 1 | N57: =M57/L57 -> 0.1 | O57: =L57-M57 -> 9 | P57: =O57/L57 -> 0.9 | Q57: 12 | R57: 2 | S57: =R57/Q57 -> 0.16666667 | T57: =Q57-R57 -> 10 | U57: =T57/Q57 -> 0.83333333 | V57: 13 | W57: 5 | X57: =W57/V57 -> 0.38461538 | Y57: =V57-W57 -> 8 | Z57: =Y57/V57 -> 0.61538462 | AA57: 18 | AB57: 1 | AC57: =AB57/AA57 -> 0.055555556 | AD57: =AA57-AB57 -> 17 | AE57: =AD57/AA57 -> 0.94444444 | AF57: 17 | AG57: 3 | AH57: =AG57/AF57 -> 0.17647059 | AI57: =AF57-AG57 -> 14 | AJ57: =AI57/AF57 -> 0.82352941 | AK57: 23 | AL57: 5 | AM57: =AL57/AK57 -> 0.2173913 | AN57: =AK57-AL57 -> 18 | AO57: =AN57/AK57 -> 0.7826087 | AP57: 14 | AQ57: 2 | AR57: =AQ57/AP57 -> 0.14285714 | AS57: =AP57-AQ57 -> 12 | AT57: =AS57/AP57 -> 0.85714286 | AU57: 13 | AV57: 3 | AW57: =AV57/AU57 -> 0.23076923 | AX57: =AU57-AV57 -> 10 | AY57: =AX57/AU57 -> 0.76923077 | AZ57: 13 | BA57: 4 | BB57: =BA57/AZ57 -> 0.30769231 | BC57: =AZ57-BA57 -> 9 | BD57: =BC57/AZ57 -> 0.69230769 | BE57: 16 | BF57: 3 | BG57: =BF57/BE57 -> 0.1875 | BH57: =BE57-BF57 -> 13 | BI57: =BH57/BE57 -> 0.8125 | BJ57: =B57+G57+L57+Q57+V57+AA57+AF57+AK57+AP57+AU57+AZ57+BE57 -> 172 | BK57: =C57+H57+M57+R57+W57+AB57+AG57+AL57+AQ57+AV57+BA57+BF57 -> 32 | BL57: =BK57/BJ57 -> 0.18604651 | BM57: =BJ57-BK57 -> 140 | BN57: =BM57/BJ57 -> 0.81395349
A58: NILAMBUR | B58: 7 | C58: 3 | D58: =C58/B58 -> 0.42857143 | E58: =B58-C58 -> 4 | F58: =E58/B58 -> 0.57142857 | G58: 10 | H58: 4 | I58: =H58/G58 -> 0.4 | J58: =G58-H58 -> 6 | K58: =J58/G58 -> 0.6 | L58: 10 | M58: 5 | N58: =M58/L58 -> 0.5 | O58: =L58-M58 -> 5 | P58: =O58/L58 -> 0.5 | Q58: 6 | R58: 3 | S58: =R58/Q58 -> 0.5 | T58: =Q58-R58 -> 3 | U58: =T58/Q58 -> 0.5 | V58: 14 | W58: 4 | X58: =W58/V58 -> 0.28571429 | Y58: =V58-W58 -> 10 | Z58: =Y58/V58 -> 0.71428571 | AA58: 10 | AB58: 3 | AC58: =AB58/AA58 -> 0.3 | AD58: =AA58-AB58 -> 7 | AE58: =AD58/AA58 -> 0.7 | AF58: 9 | AG58: 1 | AH58: =AG58/AF58 -> 0.11111111 | AI58: =AF58-AG58 -> 8 | AJ58: =AI58/AF58 -> 0.88888889 | AK58: 11 | AL58: 4 | AM58: =AL58/AK58 -> 0.36363636 | AN58: =AK58-AL58 -> 7 | AO58: =AN58/AK58 -> 0.63636364 | AP58: 14 | AQ58: 5 | AR58: =AQ58/AP58 -> 0.35714286 | AS58: =AP58-AQ58 -> 9 | AT58: =AS58/AP58 -> 0.64285714 | AU58: 7 | AV58: 3 | AW58: =AV58/AU58 -> 0.42857143 | AX58: =AU58-AV58 -> 4 | AY58: =AX58/AU58 -> 0.57142857 | AZ58: 13 | BA58: 4 | BB58: =BA58/AZ58 -> 0.30769231 | BC58: =AZ58-BA58 -> 9 | BD58: =BC58/AZ58 -> 0.69230769 | BE58: 13 | BF58: 5 | BG58: =BF58/BE58 -> 0.38461538 | BH58: =BE58-BF58 -> 8 | BI58: =BH58/BE58 -> 0.61538462 | BJ58: =B58+G58+L58+Q58+V58+AA58+AF58+AK58+AP58+AU58+AZ58+BE58 -> 124 | BK58: =C58+H58+M58+R58+W58+AB58+AG58+AL58+AQ58+AV58+BA58+BF58 -> 44 | BL58: =BK58/BJ58 -> 0.35483871 | BM58: =BJ58-BK58 -> 80 | BN58: =BM58/BJ58 -> 0.64516129
A59: PERINTHALMANNA | B59: 10 | C59: 2 | D59: =C59/B59 -> 0.2 | E59: =B59-C59 -> 8 | F59: =E59/B59 -> 0.8 | G59: 15 | H59: 2 | I59: =H59/G59 -> 0.13333333 | J59: =G59-H59 -> 13 | K59: =J59/G59 -> 0.86666667 | L59: 13 | M59: 1 | N59: =M59/L59 -> 0.076923077 | O59: =L59-M59 -> 12 | P59: =O59/L59 -> 0.92307692 | Q59: 11 | R59: 0 | S59: =R59/Q59 -> 0 | T59: =Q59-R59 -> 11 | U59: =T59/Q59 -> 1 | V59: 9 | W59: 0 | X59: =W59/V59 -> 0 | Y59: =V59-W59 -> 9 | Z59: =Y59/V59 -> 1 | AA59: 10 | AB59: 3 | AC59: =AB59/AA59 -> 0.3 | AD59: =AA59-AB59 -> 7 | AE59: =AD59/AA59 -> 0.7 | AF59: 12 | AG59: 1 | AH59: =AG59/AF59 -> 0.083333333 | AI59: =AF59-AG59 -> 11 | AJ59: =AI59/AF59 -> 0.91666667 | AK59: 18 | AL59: 1 | AM59: =AL59/AK59 -> 0.055555556 | AN59: =AK59-AL59 -> 17 | AO59: =AN59/AK59 -> 0.94444444 | AP59: 16 | AQ59: 3 | AR59: =AQ59/AP59 -> 0.1875 | AS59: =AP59-AQ59 -> 13 | AT59: =AS59/AP59 -> 0.8125 | AU59: 11 | AV59: 1 | AW59: =AV59/AU59 -> 0.090909091 | AX59: =AU59-AV59 -> 10 | AY59: =AX59/AU59 -> 0.90909091 | AZ59: 13 | BA59: 2 | BB59: =BA59/AZ59 -> 0.15384615 | BC59: =AZ59-BA59 -> 11 | BD59: =BC59/AZ59 -> 0.84615385 | BE59: 20 | BF59: 1 | BG59: =BF59/BE59 -> 0.05 | BH59: =BE59-BF59 -> 19 | BI59: =BH59/BE59 -> 0.95 | BJ59: =B59+G59+L59+Q59+V59+AA59+AF59+AK59+AP59+AU59+AZ59+BE59 -> 158 | BK59: =C59+H59+M59+R59+W59+AB59+AG59+AL59+AQ59+AV59+BA59+BF59 -> 17 | BL59: =BK59/BJ59 -> 0.10759494 | BM59: =BJ59-BK59 -> 141 | BN59: =BM59/BJ59 -> 0.89240506
A60: THIRUR | B60: 23 | C60: 7 | D60: =C60/B60 -> 0.30434783 | E60: =B60-C60 -> 16 | F60: =E60/B60 -> 0.69565217 | G60: 28 | H60: 5 | I60: =H60/G60 -> 0.17857143 | J60: =G60-H60 -> 23 | K60: =J60/G60 -> 0.82142857 | L60: 25 | M60: 6 | N60: =M60/L60 -> 0.24 | O60: =L60-M60 -> 19 | P60: =O60/L60 -> 0.76 | Q60: 20 | R60: 2 | S60: =R60/Q60 -> 0.1 | T60: =Q60-R60 -> 18 | U60: =T60/Q60 -> 0.9 | V60: 18 | W60: 3 | X60: =W60/V60 -> 0.16666667 | Y60: =V60-W60 -> 15 | Z60: =Y60/V60 -> 0.83333333 | AA60: 22 | AB60: 6 | AC60: =AB60/AA60 -> 0.27272727 | AD60: =AA60-AB60 -> 16 | AE60: =AD60/AA60 -> 0.72727273 | AF60: 30 | AG60: 2 | AH60: =AG60/AF60 -> 0.066666667 | AI60: =AF60-AG60 -> 28 | AJ60: =AI60/AF60 -> 0.93333333 | AK60: 36 | AL60: 8 | AM60: =AL60/AK60 -> 0.22222222 | AN60: =AK60-AL60 -> 28 | AO60: =AN60/AK60 -> 0.77777778 | AP60: 22 | AQ60: 5 | AR60: =AQ60/AP60 -> 0.22727273 | AS60: =AP60-AQ60 -> 17 | AT60: =AS60/AP60 -> 0.77272727 | AU60: 27 | AV60: 4 | AW60: =AV60/AU60 -> 0.14814815 | AX60: =AU60-AV60 -> 23 | AY60: =AX60/AU60 -> 0.85185185 | AZ60: 16 | BA60: 3 | BB60: =BA60/AZ60 -> 0.1875 | BC60: =AZ60-BA60 -> 13 | BD60: =BC60/AZ60 -> 0.8125 | BE60: 25 | BF60: 3 | BG60: =BF60/BE60 -> 0.12 | BH60: =BE60-BF60 -> 22 | BI60: =BH60/BE60 -> 0.88 | BJ60: =B60+G60+L60+Q60+V60+AA60+AF60+AK60+AP60+AU60+AZ60+BE60 -> 292 | BK60: =C60+H60+M60+R60+W60+AB60+AG60+AL60+AQ60+AV60+BA60+BF60 -> 54 | BL60: =BK60/BJ60 -> 0.18493151 | BM60: =BJ60-BK60 -> 238 | BN60: =BM60/BJ60 -> 0.81506849
A61: THIRURANGADI | B61: 22 | C61: 9 | D61: =C61/B61 -> 0.40909091 | E61: =B61-C61 -> 13 | F61: =E61/B61 -> 0.59090909 | G61: 26 | H61: 17 | I61: =H61/G61 -> 0.65384615 | J61: =G61-H61 -> 9 | K61: =J61/G61 -> 0.34615385 | L61: 21 | M61: 9 | N61: =M61/L61 -> 0.42857143 | O61: =L61-M61 -> 12 | P61: =O61/L61 -> 0.57142857 | Q61: 18 | R61: 8 | S61: =R61/Q61 -> 0.44444444 | T61: =Q61-R61 -> 10 | U61: =T61/Q61 -> 0.55555556 | V61: 18 | W61: 7 | X61: =W61/V61 -> 0.38888889 | Y61: =V61-W61 -> 11 | Z61: =Y61/V61 -> 0.61111111 | AA61: 15 | AB61: 4 | AC61: =AB61/AA61 -> 0.26666667 | AD61: =AA61-AB61 -> 11 | AE61: =AD61/AA61 -> 0.73333333 | AF61: 18 | AG61: 6 | AH61: =AG61/AF61 -> 0.33333333 | AI61: =AF61-AG61 -> 12 | AJ61: =AI61/AF61 -> 0.66666667 | AK61: 36 | AL61: 17 | AM61: =AL61/AK61 -> 0.47222222 | AN61: =AK61-AL61 -> 19 | AO61: =AN61/AK61 -> 0.52777778 | AP61: 21 | AQ61: 8 | AR61: =AQ61/AP61 -> 0.38095238 | AS61: =AP61-AQ61 -> 13 | AT61: =AS61/AP61 -> 0.61904762 | AU61: 23 | AV61: 9 | AW61: =AV61/AU61 -> 0.39130435 | AX61: =AU61-AV61 -> 14 | AY61: =AX61/AU61 -> 0.60869565 | AZ61: 36 | BA61: 10 | BB61: =BA61/AZ61 -> 0.27777778 | BC61: =AZ61-BA61 -> 26 | BD61: =BC61/AZ61 -> 0.72222222 | BE61: 25 | BF61: 2 | BG61: =BF61/BE61 -> 0.08 | BH61: =BE61-BF61 -> 23 | BI61: =BH61/BE61 -> 0.92 | BJ61: =B61+G61+L61+Q61+V61+AA61+AF61+AK61+AP61+AU61+AZ61+BE61 -> 279 | BK61: =C61+H61+M61+R61+W61+AB61+AG61+AL61+AQ61+AV61+BA61+BF61 -> 106 | BL61: =BK61/BJ61 -> 0.37992832 | BM61: =BJ61-BK61 -> 173 | BN61: =BM61/BJ61 -> 0.62007168
A62: PONNANI | B62: 10 | C62: 5 | D62: =C62/B62 -> 0.5 | E62: =B62-C62 -> 5 | F62: =E62/B62 -> 0.5 | G62: 13 | H62: 1 | I62: =H62/G62 -> 0.076923077 | J62: =G62-H62 -> 12 | K62: =J62/G62 -> 0.92307692 | L62: 6 | M62: 1 | N62: =M62/L62 -> 0.16666667 | O62: =L62-M62 -> 5 | P62: =O62/L62 -> 0.83333333 | Q62: 11 | R62: 3 | S62: =R62/Q62 -> 0.27272727 | T62: =Q62-R62 -> 8 | U62: =T62/Q62 -> 0.72727273 | V62: 9 | W62: 1 | X62: =W62/V62 -> 0.11111111 | Y62: =V62-W62 -> 8 | Z62: =Y62/V62 -> 0.88888889 | AA62: 5 | AB62: 1 | AC62: =AB62/AA62 -> 0.2 | AD62: =AA62-AB62 -> 4 | AE62: =AD62/AA62 -> 0.8 | AF62: 20 | AG62: 1 | AH62: =AG62/AF62 -> 0.05 | AI62: =AF62-AG62 -> 19 | AJ62: =AI62/AF62 -> 0.95 | AK62: 13 | AL62: 10 | AM62: =AL62/AK62 -> 0.76923077 | AN62: =AK62-AL62 -> 3 | AO62: =AN62/AK62 -> 0.23076923 | AP62: 14 | AQ62: 3 | AR62: =AQ62/AP62 -> 0.21428571 | AS62: =AP62-AQ62 -> 11 | AT62: =AS62/AP62 -> 0.78571429 | AU62: 9 | AV62: 5 | AW62: =AV62/AU62 -> 0.55555556 | AX62: =AU62-AV62 -> 4 | AY62: =AX62/AU62 -> 0.44444444 | AZ62: 11 | BA62: 2 | BB62: =BA62/AZ62 -> 0.18181818 | BC62: =AZ62-BA62 -> 9 | BD62: =BC62/AZ62 -> 0.81818182 | BE62: 8 | BF62: 5 | BG62: =BF62/BE62 -> 0.625 | BH62: =BE62-BF62 -> 3 | BI62: =BH62/BE62 -> 0.375 | BJ62: =B62+G62+L62+Q62+V62+AA62+AF62+AK62+AP62+AU62+AZ62+BE62 -> 129 | BK62: =C62+H62+M62+R62+W62+AB62+AG62+AL62+AQ62+AV62+BA62+BF62 -> 38 | BL62: =BK62/BJ62 -> 0.29457364 | BM62: =BJ62-BK62 -> 91 | BN62: =BM62/BJ62 -> 0.70542636
A63: OTHER | C63: 7 | H63: 5 | M63: 1 | R63: 8 | W63: 4 | AB63: 4 | AG63: 1 | AL63: 6 | BA63: 2 | BF63: 5 | BK63: =C63+H63+M63+R63+W63+AB63+AG63+AL63+AQ63+AV63+BA63+BF63 -> 43
A64: TOTAL | B64: =SUM(B56:B62) -> 98 | C64: =SUM(C56:C62) -> 32 | D64: =C64/B64 -> 0.32653061 | E64: =B64-C64 -> 66 | F64: =E64/B64 -> 0.67346939 | G64: =SUM(G56:G62) -> 130 | H64: =SUM(H56:H62) -> 39 | I64: =H64/G64 -> 0.3 | J64: =G64-H64 -> 91 | K64: =J64/G64 -> 0.7 | L64: =SUM(L56:L62) -> 100 | M64: =SUM(M56:M62) -> 27 | N64: =M64/L64 -> 0.27 | O64: =L64-M64 -> 73 | P64: =O64/L64 -> 0.73 | Q64: =SUM(Q56:Q62) -> 101 | R64: =SUM(R56:R62) -> 22 | S64: =R64/Q64 -> 0.21782178 | T64: =Q64-R64 -> 79 | U64: =T64/Q64 -> 0.78217822 | V64: =SUM(V56:V62) -> 103 | W64: =SUM(W56:W62) -> 26 | X64: =W64/V64 -> 0.25242718 | Y64: =V64-W64 -> 77 | Z64: =Y64/V64 -> 0.74757282 | AA64: =SUM(AA56:AA62) -> 101 | AB64: =SUM(AB56:AB62) -> 23 | AC64: =AB64/AA64 -> 0.22772277 | AD64: =AA64-AB64 -> 78 | AE64: =AD64/AA64 -> 0.77227723 | AF64: =SUM(AF56:AF62) -> 128 | AG64: =SUM(AG56:AG62) -> 21 | AH64: =AG64/AF64 -> 0.1640625 | AI64: =AF64-AG64 -> 107 | AJ64: =AI64/AF64 -> 0.8359375 | AK64: =SUM(AK56:AK62) -> 169 | AL64: =SUM(AL56:AL62) -> 56 | AM64: =AL64/AK64 -> 0.33136095 | AN64: =AK64-AL64 -> 113 | AO64: =AN64/AK64 -> 0.66863905 | AP64: =SUM(AP56:AP62) -> 129 | AQ64: =SUM(AQ56:AQ62) -> 27 | AR64: =AQ64/AP64 -> 0.20930233 | AS64: =AP64-AQ64 -> 102 | AT64: =AS64/AP64 -> 0.79069767 | AU64: =SUM(AU56:AU62) -> 109 | AV64: =SUM(AV56:AV62) -> 35 | AW64: =AV64/AU64 -> 0.32110092 | AX64: =AU64-AV64 -> 74 | AY64: =AX64/AU64 -> 0.67889908 | AZ64: =SUM(AZ56:AZ62) -> 121 | BA64: =SUM(BA56:BA62) -> 34 | BB64: =BA64/AZ64 -> 0.28099174 | BC64: =AZ64-BA64 -> 87 | BD64: =BC64/AZ64 -> 0.71900826 | BE64: =SUM(BE56:BE62) -> 134 | BF64: =SUM(BF56:BF62) -> 30 | BG64: =BF64/BE64 -> 0.2238806 | BH64: =BE64-BF64 -> 104 | BI64: =BH64/BE64 -> 0.7761194 | BJ64: =SUM(BJ56:BJ62) -> 1423 | BK64: =SUM(BK56:BK62) -> 372 | BL64: =BK64/BJ64 -> 0.26141954 | BM64: =BJ64-BK64 -> 1051 | BN64: =BM64/BJ64 -> 0.73858046

Sheet Malappuram
A1: Maker Month Wise Data of MALAPPURAM RTO - KL10 , Kerala (2023)
A2: S No | B2: Maker | C2: Month Wise | O2: TOTAL | P2: %
C3: JAN | D3: FEB | E3: MAR | F3: APR | G3: MAY | H3: JUN | I3: JUL | J3: AUG | K3: SEP | L3: OCT | M3: NOV | N3: DEC
A4: 1 | B4: MARUTI SUZUKI INDIA LTD | C4: 117 | D4: 85 | E4: 153 | F4: 53 | G4: 87 | H4: 102 | I4: 121 | J4: 139 | O4: =SUM(C4:N4) -> 857 | P4: =O4/$O$17 -> 0.56830239
A5: 2 | B5: HYUNDAI MOTOR INDIA LTD | C5: 13 | D5: 19 | E5: 20 | F5: 6 | G5: 27 | H5: 15 | I5: 19 | J5: 36 | O5: =SUM(C5:N5) -> 155 | P5: =O5/$O$17 -> 0.10278515
A6: 3 | B6: TATA MOTORS PASSENGER VEHICLES LTD | C6: 15 | D6: 12 | E6: 22 | F6: 15 | G6: 9 | H6: 4 | I6: 5 | J6: 6 | O6: =SUM(C6:N6) -> 88 | P6: =O6/$O$17 -> 0.058355438
A7: 4 | B7: KIA MOTORS INDIA PVT LTD | C7: 14 | D7: 13 | E7: 12 | F7: 3 | G7: 13 | H7: 11 | I7: 9 | J7: 14 | O7: =SUM(C7:N7) -> 89 | P7: =O7/$O$17 -> 0.059018568
A8: 5 | B8: TOYOTA KIRLOSKAR MOTOR PVT LTD | C8: 8 | D8: 12 | E8: 12 | F8: 7 | G8: 14 | H8: 12 | I8: 13 | J8: 13 | O8: =SUM(C8:N8) -> 91 | P8: =O8/$O$17 -> 0.060344828
A9: 6 | B9: MAHINDRA & MAHINDRA LIMITED | C9: 6 | D9: 6 | E9: 6 | F9: 4 | G9: 3 | H9: 2 | I9: 5 | J9: 6 | O9: =SUM(C9:N9) -> 38 | P9: =O9/$O$17 -> 0.025198939
A10: 7 | B10: HONDA CARS INDIA LTD | C10: 6 | D10: 4 | E10: 4 | F10: 3 | G10: 4 | H10: 4 | I10: 5 | J10: 5 | O10: =SUM(C10:N10) -> 35 | P10: =O10/$O$17 -> 0.023209549
A11: 8 | B11: NISSAN MOTOR INDIA PVT LTD | C11: 4 | D11: 6 | E11: 4 | F11: 2 | G11: 0 | H11: 4 | I11: 7 | J11: 2 | O11: =SUM(C11:N11) -> 29 | P11: =O11/$O$17 -> 0.019230769
A12: 9 | B12: SKODA AUTO VOLKSWAGEN INDIA PVT LTD | C12: 5 | D12: 2 | E12: 1 | F12: 4 | G12: 5 | H12: 0 | I12: 1 | J12: 1 | O12: =SUM(C12:N12) -> 19 | P12: =O12/$O$17 -> 0.012599469
A13: 10 | B13: TATA PASSENGER ELECTRIC MOBILITY LTD | C13: 0 | D13: 0 | E13: 0 | F13: 2 | G13: 10 | H13: 3 | I13: 10 | J13: 12 | O13: =SUM(C13:N13) -> 37 | P13: =O13/$O$17 -> 0.024535809
A14: 11 | B14: RENAULT INDIA PVT LTD | C14: 3 | D14: 1 | E14: 4 | F14: 1 | G14: 1 | H14: 0 | I14: 1 | J14: 4 | O14: =SUM(C14:N14) -> 15 | P14: =O14/$O$17 -> 0.0099469496
A15: 12 | B15: MG MOTOR INDIA PVT LTD | C15: 2 | D15: 1 | E15: 2 | F15: 0 | G15: 1 | H15: 4 | I15: 3 | J15: 2 | O15: =SUM(C15:N15) -> 15 | P15: =O15/$O$17 -> 0.0099469496
A16: 13 | B16: OTHERS | C16: 2 | D16: 5 | E16: 8 | F16: 6 | G16: 4 | H16: 5 | I16: 4 | J16: 6 | O16: =SUM(C16:N16) -> 40 | P16: =O16/$O$17 -> 0.026525199
A17: Total | C17: =SUM(C4:C16) -> 195 | D17: =SUM(D4:D16) -> 166 | E17: =SUM(E4:E16) -> 248 | F17: =SUM(F4:F16) -> 106 | G17: =SUM(G4:G16) -> 178 | H17: =SUM(H4:H16) -> 166 | I17: =SUM(I4:I16) -> 203 | J17: =SUM(J4:J16) -> 246 | ... O17: =SUM(O4:O16) -> 1508 | P17: =O17/$O$17 -> 1
B20: CLASSIC HYUNDAI - REGISTRATION | C20: 8 | D20: 5 | E20: 8 | F20: 3 | G20: 5 | H20: 6 | I20: 9 | J20: 12
B21: CO- DEALERS REGISTRATION | C21: =C5-C20 -> 5 | D21: =D5-D20 -> 14 | E21: =E5-E20 -> 12 | F21: =F5-F20 -> 3 | G21: =G5-G20 -> 22 | H21: =H5-H20 -> 9 | I21: =I5-I20 -> 10 | J21: =J5-J20 -> 24 | ... N21: =N5-N20 -> 0
B22: % OF CLASSIC HYUNDAI | C22: =C20/C5 -> 0.61538462 | D22: =D20/D5 -> 0.26315789 | E22: =E20/E5 -> 0.4 | F22: =F20/F5 -> 0.5 | G22: =G20/G5 -> 0.18518519 | H22: =H20/H5 -> 0.4 | I22: =I20/I5 -> 0.47368421 | J22: =J20/J5 -> 0.33333333 | ... N22: =N20/N5 -> #DIV/0!
B23: % OF CO- DEALER | C23: =C21/C5 -> 0.38461538 | D23: =D21/D5 -> 0.73684211 | E23: =E21/E5 -> 0.6 | F23: =F21/F5 -> 0.5 | G23: =G21/G5 -> 0.81481481 | H23: =H21/H5 -> 0.6 | I23: =I21/I5 -> 0.52631579 | J23: =J21/J5 -> 0.66666667 | ... N23: =N21/N5 -> #DIV/0!

Sheet Kondotty
A1: Maker Month Wise Data of KONDOTTY SRTO - KL84 , Kerala (2023)
A2: S No | B2: Maker | C2: Month Wise | O2: TOTAL | P2: %
C3: JAN | D3: FEB | E3: MAR | F3: APR | G3: MAY | H3: JUN | I3: JUL | J3: AUG | K3: SEP | L3: OCT | M3: NOV | N3: DEC
A4: 1 | B4: MARUTI SUZUKI INDIA LTD | C4: 93 | D4: 81 | E4: 162 | F4: 69 | G4: 102 | H4: 108 | I4: 124 | J4: 123 | O4: =SUM(C4:N4) -> 862 | P4: =O4/$O$17 -> 0.634757
A5: 2 | B5: HYUNDAI MOTOR INDIA LTD | C5: 19 | D5: 8 | E5: 21 | F5: 11 | G5: 10 | H5: 11 | I5: 14 | J5: 19 | O5: =SUM(C5:N5) -> 113 | P5: =O5/$O$17 -> 0.083210604
A6: 3 | B6: TATA MOTORS PASSENGER VEHICLES LTD | C6: 11 | D6: 12 | E6: 22 | F6: 18 | G6: 11 | H6: 5 | I6: 10 | J6: 15 | O6: =SUM(C6:N6) -> 104 | P6: =O6/$O$17 -> 0.076583211
A7: 4 | B7: KIA MOTORS INDIA PVT LTD | C7: 9 | D7: 2 | E7: 9 | F7: 5 | G7: 4 | H7: 6 | I7: 10 | J7: 11 | O7: =SUM(C7:N7) -> 56 | P7: =O7/$O$17 -> 0.041237113
A8: 5 | B8: TOYOTA KIRLOSKAR MOTOR PVT LTD | C8: 9 | D8: 10 | E8: 5 | F8: 4 | G8: 7 | H8: 15 | I8: 4 | J8: 21 | O8: =SUM(C8:N8) -> 75 | P8: =O8/$O$17 -> 0.055228277
A9: 6 | B9: MAHINDRA & MAHINDRA LIMITED | C9: 5 | D9: 2 | E9: 2 | F9: 3 | G9: 2 | H9: 2 | I9: 1 | J9: 4 | O9: =SUM(C9:N9) -> 21 | P9: =O9/$O$17 -> 0.015463918
A10: 7 | B10: HONDA CARS INDIA LTD | C10: 3 | D10: 5 | E10: 4 | F10: 2 | G10: 4 | H10: 3 | I10: 5 | J10: 2 | O10: =SUM(C10:N10) -> 28 | P10: =O10/$O$17 -> 0.020618557
A11: 8 | B11: NISSAN MOTOR INDIA PVT LTD | C11: 4 | D11: 2 | E11: 3 | F11: 1 | G11: 1 | H11: 1 | I11: 3 | J11: 3 | O11: =SUM(C11:N11) -> 18 | P11: =O11/$O$17 -> 0.013254786
A12: 9 | B12: SKODA AUTO VOLKSWAGEN INDIA PVT LTD | C12: 2 | D12: 0 | E12: 1 | F12: 2 | G12: 1 | H12: 0 | I12: 1 | J12: 4 | O12: =SUM(C12:N12) -> 11 | P12: =O12/$O$17 -> 0.0081001473
A13: 10 | B13: TATA PASSENGER ELECTRIC MOBILITY LTD | C13: 0 | D13: 0 | E13: 0 | F13: 1 | G13: 10 | H13: 11 | I13: 13 | J13: 8 | O13: =SUM(C13:N13) -> 43 | P13: =O13/$O$17 -> 0.031664212
A14: 11 | B14: RENAULT INDIA PVT LTD | C14: 4 | D14: 2 | E14: 3 | F14: 1 | G14: 1 | H14: 5 | I14: 4 | J14: 2 | O14: =SUM(C14:N14) -> 22 | P14: =O14/$O$17 -> 0.016200295
A15: 12 | B15: MG MOTOR INDIA PVT LTD | C15: 0 | D15: 0 | E15: 2 | F15: 1 | G15: 1 | H15: 1 | I15: 0 | J15: 0 | O15: =SUM(C15:N15) -> 5 | P15: =O15/$O$17 -> 0.0036818851
A16: OTHERS | C16: 1 | D16: 2 | E16: 2 | F16: 2 | G16: 1 | H16: 2 | I16: 1 | J16: 3 | O16: =SUM(C16:N16) -> 14 | P16: =O16/$O$17 -> 0.010309278
A17: Total | C17: =SUM(C4:C16) -> 160 | D17: =SUM(D4:D16) -> 126 | E17: =SUM(E4:E16) -> 236 | F17: =SUM(F4:F16) -> 120 | G17: =SUM(G4:G16) -> 155 | H17: =SUM(H4:H16) -> 170 | I17: =SUM(I4:I16) -> 190 | J17: =SUM(J4:J16) -> 215 | K17: =SUM(K4:K15) -> 0 | L17: =SUM(L4:L15) -> 0 | M17: =SUM(M4:M15) -> 0 | N17: =SUM(N4:N15) -> 0 | O17: =SUM(O4:O15) -> 1358 | P17: =O17/$O$17 -> 1
B20: CLASSIC HYUNDAI - REGISTRATION | C20: 1 | D20: 0 | E20: 8 | F20: 1 | G20: 0 | H20: 3 | I20: 6 | J20: 7
B21: CO- DEALERS REGISTRATION | C21: =C5-C20 -> 18 | D21: =D5-D20 -> 8 | E21: =E5-E20 -> 13 | F21: =F5-F20 -> 10 | G21: =G5-G20 -> 10 | H21: =H5-H20 -> 8 | I21: =I5-I20 -> 8 | J21: =J5-J20 -> 12 | ... N21: =N5-N20 -> 0
B22: % OF CLASSIC HYUNDAI | C22: =C20/C5 -> 0.052631579 | D22: =D20/D5 -> 0 | E22: =E20/E5 -> 0.38095238 | F22: =F20/F5 -> 0.090909091 | G22: =G20/G5 -> 0 | H22: =H20/H5 -> 0.27272727 | I22: =I20/I5 -> 0.42857143 | J22: =J20/J5 -> 0.36842105 | ... N22: =N20/N5 -> #DIV/0!
B23: % OF CO- DEALER | C23: =C21/C5 -> 0.94736842 | D23: =D21/D5 -> 1 | E23: =E21/E5 -> 0.61904762 | F23: =F21/F5 -> 0.90909091 | G23: =G21/G5 -> 1 | H23: =H21/H5 -> 0.72727273 | I23: =I21/I5 -> 0.57142857 | J23: =J21/J5 -> 0.63157895 | ... N23: =N21/N5 -> #DIV/0!

Sheet Nilambur
A1: Maker Month Wise Data of NILAMBUR SRTO - KL71 , Kerala (2023)
A2: S No | B2: Maker | C2: Month Wise | O2: TOTAL | P2: %
C3: JAN | D3: FEB | E3: MAR | F3: APR | G3: MAY | H3: JUN | I3: JUL | J3: AUG | K3: SEP | L3: OCT | M3: NOV | N3: DEC
A4: 1 | B4: MARUTI SUZUKI INDIA LTD | C4: 141 | D4: 94 | E4: 173 | F4: 41 | G4: 102 | H4: 117 | I4: 82 | J4: 116 | O4: =SUM(C4:N4) -> 866 | P4: =O4/$O$17 -> 0.6377025
A5: 2 | B5: HYUNDAI MOTOR INDIA LTD | C5: 8 | D5: 5 | E5: 23 | F5: 5 | G5: 17 | H5: 15 | I5: 9 | J5: 21 | O5: =SUM(C5:N5) -> 103 | P5: =O5/$O$17 -> 0.075846834
A6: 3 | B6: TATA MOTORS PASSENGER VEHICLES LTD | C6: 11 | D6: 11 | E6: 25 | F6: 16 | G6: 5 | H6: 10 | I6: 8 | J6: 12 | O6: =SUM(C6:N6) -> 98 | P6: =O6/$O$17 -> 0.072164948
A7: 4 | B7: KIA MOTORS INDIA PVT LTD | C7: 5 | D7: 4 | E7: 12 | F7: 6 | G7: 8 | H7: 4 | I7: 9 | J7: 11 | O7: =SUM(C7:N7) -> 59 | P7: =O7/$O$17 -> 0.043446244
A8: 5 | B8: TOYOTA KIRLOSKAR MOTOR PVT LTD | C8: 9 | D8: 8 | E8: 7 | F8: 2 | G8: 12 | H8: 6 | I8: 10 | J8: 7 | O8: =SUM(C8:N8) -> 61 | P8: =O8/$O$17 -> 0.044918999
A9: 6 | B9: MAHINDRA & MAHINDRA LIMITED | C9: 5 | D9: 3 | E9: 4 | F9: 3 | G9: 7 | H9: 6 | I9: 4 | J9: 6 | O9: =SUM(C9:N9) -> 38 | P9: =O9/$O$17 -> 0.027982327
A10: 7 | B10: HONDA CARS INDIA LTD | C10: 2 | D10: 3 | E10: 1 | F10: 2 | G10: 4 | H10: 4 | I10: 4 | J10: 3 | O10: =SUM(C10:N10) -> 23 | P10: =O10/$O$17 -> 0.016936672
A11: 8 | B11: NISSAN MOTOR INDIA PVT LTD | C11: 2 | D11: 4 | E11: 2 | F11: 3 | G11: 2 | H11: 4 | I11: 6 | J11: 4 | O11: =SUM(C11:N11) -> 27 | P11: =O11/$O$17 -> 0.01988218
A12: 9 | B12: SKODA AUTO VOLKSWAGEN INDIA PVT LTD | C12: 2 | D12: 1 | E12: 1 | F12: 1 | G12: 4 | H12: 2 | I12: 2 | J12: 1 | O12: =SUM(C12:N12) -> 14 | P12: =O12/$O$17 -> 0.010309278
A13: 10 | B13: TATA PASSENGER ELECTRIC MOBILITY LTD | C13: 0 | D13: 0 | E13: 0 | F13: 0 | G13: 4 | H13: 6 | I13: 3 | J13: 7 | O13: =SUM(C13:N13) -> 20 | P13: =O13/$O$17 -> 0.014727541
A14: 11 | B14: RENAULT INDIA PVT LTD | C14: 5 | D14: 3 | E14: 3 | F14: 1 | G14: 4 | H14: 7 | I14: 8 | J14: 5 | O14: =SUM(C14:N14) -> 36 | P14: =O14/$O$17 -> 0.026509573
A15: 12 | B15: MG MOTOR INDIA PVT LTD | C15: 2 | D15: 0 | E15: 1 | F15: 1 | G15: 1 | H15: 3 | I15: 1 | J15: 4 | O15: =SUM(C15:N15) -> 13 | P15: =O15/$O$17 -> 0.0095729013
A16: OTHERS | C16: 5 | D16: 2 | E16: 3 | F16: 4 | G16: 0 | H16: 2 | I16: 2 | J16: 2 | O16: =SUM(C16:N16) -> 20 | P16: =O16/$O$17 -> 0.014727541
A17: Total | C17: =SUM(C4:C16) -> 197 | D17: =SUM(D4:D16) -> 138 | E17: =SUM(E4:E16) -> 255 | F17: =SUM(F4:F16) -> 85 | G17: =SUM(G4:G16) -> 170 | H17: =SUM(H4:H16) -> 186 | I17: =SUM(I4:I16) -> 148 | J17: =SUM(J4:J16) -> 199 | K17: =SUM(K4:K15) -> 0 | L17: =SUM(L4:L15) -> 0 | M17: =SUM(M4:M15) -> 0 | N17: =SUM(N4:N15) -> 0 | O17: =SUM(O4:O15) -> 1358 | P17: =O17/$O$17 -> 1
B20: CLASSIC HYUNDAI - REGISTRATION | C20: 1 | D20: 2 | E20: 7 | F20: 2 | G20: 3 | H20: 1 | I20: 5 | J20: 8
B21: CO- DEALERS REGISTRATION | C21: =C5-C20 -> 7 | D21: =D5-D20 -> 3 | E21: =E5-E20 -> 16 | F21: =F5-F20 -> 3 | G21: =G5-G20 -> 14 | H21: =H5-H20 -> 14 | I21: =I5-I20 -> 4 | J21: =J5-J20 -> 13 | ... N21: =N5-N20 -> 0
B22: % OF CLASSIC HYUNDAI | C22: =C20/C5 -> 0.125 | D22: =D20/D5 -> 0.4 | E22: =E20/E5 -> 0.30434783 | F22: =F20/F5 -> 0.4 | G22: =G20/G5 -> 0.17647059 | H22: =H20/H5 -> 0.066666667 | I22: =I20/I5 -> 0.55555556 | J22: =J20/J5 -> 0.38095238 | ... N22: =N20/N5 -> #DIV/0!
B23: % OF CO- DEALER | C23: =C21/C5 -> 0.875 | D23: =D21/D5 -> 0.6 | E23: =E21/E5 -> 0.69565217 | F23: =F21/F5 -> 0.6 | G23: =G21/G5 -> 0.82352941 | H23: =H21/H5 -> 0.93333333 | I23: =I21/I5 -> 0.44444444 | J23: =J21/J5 -> 0.61904762 | ... N23: =N21/N5 -> #DIV/0!

Sheet Perinthalmanna
A1: Maker Month Wise Data of PERINTHALMANNA SRTO - KL53 , Kerala (2023)
A2: S No | B2: Maker | C2: Month Wise | O2: TOTAL | P2: %
C3: JAN | D3: FEB | E3: MAR | F3: APR | G3: MAY | H3: JUN | I3: JUL | J3: AUG | K3: SEP | L3: OCT | M3: NOV | N3: DEC
A4: 1 | B4: MARUTI SUZUKI INDIA LTD | C4: 128 | D4: 100 | E4: 151 | F4: 52 | G4: 93 | H4: 111 | I4: 126 | J4: 118 | O4: =SUM(C4:N4) -> 879 | P4: =O4/$O$17 -> 0.59755269
A5: 2 | B5: HYUNDAI MOTOR INDIA LTD | C5: 9 | D5: 15 | E5: 22 | F5: 10 | G5: 11 | H5: 16 | I5: 20 | J5: 12 | O5: =SUM(C5:N5) -> 115 | P5: =O5/$O$17 -> 0.07817811
A6: 3 | B6: TATA MOTORS PASSENGER VEHICLES LTD | C6: 26 | D6: 19 | E6: 25 | F6: 13 | G6: 4 | H6: 9 | I6: 8 | J6: 7 | O6: =SUM(C6:N6) -> 111 | P6: =O6/$O$17 -> 0.075458872
A7: 4 | B7: KIA MOTORS INDIA PVT LTD | C7: 9 | D7: 12 | E7: 18 | F7: 6 | G7: 9 | H7: 17 | I7: 9 | J7: 8 | O7: =SUM(C7:N7) -> 88 | P7: =O7/$O$17 -> 0.059823249
A8: 5 | B8: TOYOTA KIRLOSKAR MOTOR PVT LTD | C8: 14 | D8: 13 | E8: 10 | F8: 7 | G8: 14 | H8: 7 | I8: 22 | J8: 7 | O8: =SUM(C8:N8) -> 94 | P8: =O8/$O$17 -> 0.063902107
A9: 6 | B9: MAHINDRA & MAHINDRA LIMITED | C9: 3 | D9: 4 | E9: 8 | F9: 3 | G9: 5 | H9: 3 | I9: 4 | J9: 1 | O9: =SUM(C9:N9) -> 31 | P9: =O9/$O$17 -> 0.021074099
A10: 7 | B10: HONDA CARS INDIA LTD | C10: 4 | D10: 3 | E10: 9 | F10: 1 | G10: 3 | H10: 2 | I10: 5 | J10: 2 | O10: =SUM(C10:N10) -> 29 | P10: =O10/$O$17 -> 0.01971448
A11: 8 | B11: NISSAN MOTOR INDIA PVT LTD | C11: 7 | D11: 3 | E11: 4 | F11: 1 | G11: 6 | H11: 4 | I11: 4 | J11: 5 | O11: =SUM(C11:N11) -> 34 | P11: =O11/$O$17 -> 0.023113528
A12: 9 | B12: SKODA AUTO VOLKSWAGEN INDIA PVT LTD | C12: 4 | D12: 5 | E12: 4 | F12: 1 | G12: 1 | H12: 4 | I12: 6 | J12: 5 | O12: =SUM(C12:N12) -> 30 | P12: =O12/$O$17 -> 0.02039429
A13: 10 | B13: TATA PASSENGER ELECTRIC MOBILITY LTD | C13: 0 | D13: 0 | E13: 0 | F13: 3 | G13: 8 | H13: 8 | I13: 8 | J13: 7 | O13: =SUM(C13:N13) -> 34 | P13: =O13/$O$17 -> 0.023113528
A14: 11 | B14: RENAULT INDIA PVT LTD | C14: 3 | D14: 0 | E14: 3 | F14: 1 | G14: 4 | H14: 0 | I14: 3 | J14: 2 | O14: =SUM(C14:N14) -> 16 | P14: =O14/$O$17 -> 0.010876954
A15: 12 | B15: MG MOTOR INDIA PVT LTD | C15: 0 | D15: 2 | E15: 1 | F15: 1 | G15: 2 | H15: 2 | I15: 1 | J15: 1 | O15: =SUM(C15:N15) -> 10 | P15: =O15/$O$17 -> 0.0067980965
A16: OTHERS | C16: 7 | D16: 6 | E16: 5 | F16: 3 | G16: 1 | H16: 2 | I16: 1 | J16: 3 | O16: =SUM(C16:N16) -> 28 | P16: =O16/$O$17 -> 0.01903467
A17: Total | C17: =SUM(C4:C16) -> 214 | D17: =SUM(D4:D16) -> 182 | E17: =SUM(E4:E16) -> 260 | F17: =SUM(F4:F16) -> 102 | G17: =SUM(G4:G16) -> 161 | H17: =SUM(H4:H16) -> 185 | I17: =SUM(I4:I16) -> 217 | J17: =SUM(J4:J16) -> 178 | K17: =SUM(K4:K15) -> 0 | L17: =SUM(L4:L15) -> 0 | M17: =SUM(M4:M15) -> 0 | N17: =SUM(N4:N15) -> 0 | O17: =SUM(O4:O15) -> 1471 | P17: =O17/$O$17 -> 1
B20: CLASSIC HYUNDAI - REGISTRATION | C20: 0 | D20: 1 | E20: 4 | F20: 0 | G20: 1 | H20: 3 | I20: 3 | J20: 1
B21: CO- DEALERS REGISTRATION | C21: =C5-C20 -> 9 | D21: =D5-D20 -> 14 | E21: =E5-E20 -> 18 | F21: =F5-F20 -> 10 | G21: =G5-G20 -> 10 | H21: =H5-H20 -> 13 | I21: =I5-I20 -> 17 | J21: =J5-J20 -> 11 | ... N21: =N5-N20 -> 0
B22: % OF CLASSIC HYUNDAI | C22: =C20/C5 -> 0 | D22: =D20/D5 -> 0.066666667 | E22: =E20/E5 -> 0.18181818 | F22: =F20/F5 -> 0 | G22: =G20/G5 -> 0.090909091 | H22: =H20/H5 -> 0.1875 | I22: =I20/I5 -> 0.15 | J22: =J20/J5 -> 0.083333333 | ... N22: =N20/N5 -> #DIV/0!
B23: % OF CO- DEALER | C23: =C21/C5 -> 1 | D23: =D21/D5 -> 0.93333333 | E23: =E21/E5 -> 0.81818182 | F23: =F21/F5 -> 1 | G23: =G21/G5 -> 0.90909091 | H23: =H21/H5 -> 0.8125 | I23: =I21/I5 -> 0.85 | J23: =J21/J5 -> 0.91666667 | ... N23: =N21/N5 -> #DIV/0!

Sheet Tirur
A1: Maker Month Wise Data of THIRUR SRTO - KL55 , Kerala (2023)
A2: S No | B2: Maker | C2: Month Wise | O2: TOTAL | P2: %
C3: JAN | D3: FEB | E3: MAR | F3: APR | G3: MAY | H3: JUN | I3: JUL | J3: AUG | K3: SEP | L3: OCT | M3: NOV | N3: DEC
A4: 1 | B4: MARUTI SUZUKI INDIA LTD | C4: 183 | D4: 138 | E4: 199 | F4: 98 | G4: 142 | H4: 169 | I4: 191 | J4: 221 | O4: =SUM(C4:N4) -> 1341 | P4: =O4/$O$17 -> 0.60899183
A5: 2 | B5: HYUNDAI MOTOR INDIA LTD | C5: 25 | D5: 24 | E5: 32 | F5: 21 | G5: 17 | H5: 23 | I5: 25 | J5: 21 | O5: =SUM(C5:N5) -> 188 | P5: =O5/$O$17 -> 0.08537693
A6: 3 | B6: TATA MOTORS PASSENGER VEHICLES LTD | C6: 15 | D6: 23 | E6: 32 | F6: 17 | G6: 6 | H6: 9 | I6: 14 | J6: 15 | O6: =SUM(C6:N6) -> 131 | P6: =O6/$O$17 -> 0.059491371
A7: 4 | B7: KIA MOTORS INDIA PVT LTD | C7: 11 | D7: 5 | E7: 20 | F7: 5 | G7: 9 | H7: 14 | I7: 14 | J7: 11 | O7: =SUM(C7:N7) -> 89 | P7: =O7/$O$17 -> 0.040417802
A8: 5 | B8: TOYOTA KIRLOSKAR MOTOR PVT LTD | C8: 27 | D8: 27 | E8: 21 | F8: 16 | G8: 25 | H8: 30 | I8: 23 | J8: 15 | O8: =SUM(C8:N8) -> 184 | P8: =O8/$O$17 -> 0.0835604
A9: 6 | B9: MAHINDRA & MAHINDRA LIMITED | C9: 12 | D9: 6 | E9: 12 | F9: 6 | G9: 4 | H9: 15 | I9: 6 | J9: 12 | O9: =SUM(C9:N9) -> 73 | P9: =O9/$O$17 -> 0.03315168
A10: 7 | B10: HONDA CARS INDIA LTD | C10: 4 | D10: 3 | E10: 11 | F10: 3 | G10: 4 | H10: 5 | I10: 9 | J10: 5 | O10: =SUM(C10:N10) -> 44 | P10: =O10/$O$17 -> 0.019981835
A11: 8 | B11: NISSAN MOTOR INDIA PVT LTD | C11: 5 | D11: 5 | E11: 9 | F11: 1 | G11: 5 | H11: 5 | I11: 5 | J11: 4 | O11: =SUM(C11:N11) -> 39 | P11: =O11/$O$17 -> 0.017711172
A12: 9 | B12: SKODA AUTO VOLKSWAGEN INDIA PVT LTD | C12: 5 | D12: 5 | E12: 1 | F12: 1 | G12: 5 | H12: 4 | I12: 4 | J12: 4 | O12: =SUM(C12:N12) -> 29 | P12: =O12/$O$17 -> 0.013169846
A13: 10 | B13: TATA PASSENGER ELECTRIC MOBILITY LTD | C13: 0 | D13: 0 | E13: 0 | F13: 4 | G13: 12 | H13: 11 | I13: 13 | J13: 16 | O13: =SUM(C13:N13) -> 56 | P13: =O13/$O$17 -> 0.025431426
A14: 11 | B14: RENAULT INDIA PVT LTD | C14: 2 | D14: 2 | E14: 1 | F14: 2 | G14: 2 | H14: 3 | I14: 1 | J14: 3 | O14: =SUM(C14:N14) -> 16 | P14: =O14/$O$17 -> 0.0072661217
A15: 12 | B15: MG MOTOR INDIA PVT LTD | C15: 1 | D15: 1 | E15: 2 | F15: 0 | G15: 2 | H15: 2 | I15: 2 | J15: 2 | O15: =SUM(C15:N15) -> 12 | P15: =O15/$O$17 -> 0.0054495913
A16: OTHERS | C16: 4 | D16: 9 | E16: 5 | F16: 5 | G16: 2 | H16: 5 | I16: 3 | J16: 2 | O16: =SUM(C16:N16) -> 35 | P16: =O16/$O$17 -> 0.015894641
A17: Total | C17: =SUM(C4:C16) -> 294 | D17: =SUM(D4:D16) -> 248 | E17: =SUM(E4:E16) -> 345 | F17: =SUM(F4:F16) -> 179 | G17: =SUM(G4:G16) -> 235 | H17: =SUM(H4:H16) -> 295 | I17: =SUM(I4:I16) -> 310 | J17: =SUM(J4:J16) -> 331 | K17: =SUM(K4:K15) -> 0 | L17: =SUM(L4:L15) -> 0 | M17: =SUM(M4:M15) -> 0 | N17: =SUM(N4:N15) -> 0 | O17: =SUM(O4:O15) -> 2202 | P17: =O17/$O$17 -> 1
B20: CLASSIC HYUNDAI - REGISTRATION | C20: 3 | D20: 7 | E20: 6 | F20: 4 | G20: 1 | H20: 5 | I20: 6 | J20: 10
B21: CO- DEALERS REGISTRATION | C21: =C5-C20 -> 22 | D21: =D5-D20 -> 17 | E21: =E5-E20 -> 26 | F21: =F5-F20 -> 17 | G21: =G5-G20 -> 16 | H21: =H5-H20 -> 18 | I21: =I5-I20 -> 19 | J21: =J5-J20 -> 11 | ... N21: =N5-N20 -> 0
B22: % OF CLASSIC HYUNDAI | C22: =C20/C5 -> 0.12 | D22: =D20/D5 -> 0.29166667 | E22: =E20/E5 -> 0.1875 | F22: =F20/F5 -> 0.19047619 | G22: =G20/G5 -> 0.058823529 | H22: =H20/H5 -> 0.2173913 | I22: =I20/I5 -> 0.24 | J22: =J20/J5 -> 0.47619048 | ... N22: =N20/N5 -> #DIV/0!
B23: % OF CO- DEALER | C23: =C21/C5 -> 0.88 | D23: =D21/D5 -> 0.70833333 | E23: =E21/E5 -> 0.8125 | F23: =F21/F5 -> 0.80952381 | G23: =G21/G5 -> 0.94117647 | H23: =H21/H5 -> 0.7826087 | I23: =I21/I5 -> 0.76 | J23: =J21/J5 -> 0.52380952 | ... N23: =N21/N5 -> #DIV/0!

Sheet Thirurangadi
A1: Maker Month Wise Data of THIRURANGADI SRTO - KL65 , Kerala (2023)
A2: S No | B2: Maker | C2: Month Wise | O2: TOTAL | P2: %
C3: JAN | D3: FEB | E3: MAR | F3: APR | G3: MAY | H3: JUN | I3: JUL | J3: AUG | K3: SEP | L3: OCT | M3: NOV | N3: DEC
A4: 1 | B4: MARUTI SUZUKI INDIA LTD | C4: 176 | D4: 123 | E4: 188 | F4: 72 | G4: 106 | H4: 138 | I4: 158 | J4: 172 | O4: =SUM(C4:N4) -> 1133 | P4: =O4/$O$17 -> 0.58887734
A5: 2 | B5: HYUNDAI MOTOR INDIA LTD | C5: 27 | D5: 26 | E5: 25 | F5: 11 | G5: 25 | H5: 23 | I5: 29 | J5: 26 | O5: =SUM(C5:N5) -> 192 | P5: =O5/$O$17 -> 0.0997921
A6: 3 | B6: TATA MOTORS PASSENGER VEHICLES LTD | C6: 19 | D6: 16 | E6: 30 | F6: 15 | G6: 6 | H6: 14 | I6: 12 | J6: 9 | O6: =SUM(C6:N6) -> 121 | P6: =O6/$O$17 -> 0.062889813
A7: 4 | B7: KIA MOTORS INDIA PVT LTD | C7: 17 | D7: 14 | E7: 25 | F7: 9 | G7: 15 | H7: 10 | I7: 15 | J7: 9 | O7: =SUM(C7:N7) -> 114 | P7: =O7/$O$17 -> 0.059251559
A8: 5 | B8: TOYOTA KIRLOSKAR MOTOR PVT LTD | C8: 16 | D8: 15 | E8: 18 | F8: 8 | G8: 24 | H8: 13 | I8: 25 | J8: 19 | O8: =SUM(C8:N8) -> 138 | P8: =O8/$O$17 -> 0.071725572
A9: 6 | B9: MAHINDRA & MAHINDRA LIMITED | C9: 4 | D9: 4 | E9: 7 | F9: 6 | G9: 7 | H9: 7 | I9: 5 | J9: 4 | O9: =SUM(C9:N9) -> 44 | P9: =O9/$O$17 -> 0.022869023
A10: 7 | B10: HONDA CARS INDIA LTD | C10: 9 | D10: 1 | E10: 9 | F10: 3 | G10: 8 | H10: 2 | I10: 9 | J10: 4 | O10: =SUM(C10:N10) -> 45 | P10: =O10/$O$17 -> 0.023388773
A11: 8 | B11: NISSAN MOTOR INDIA PVT LTD | C11: 3 | D11: 1 | E11: 6 | F11: 1 | G11: 2 | H11: 4 | I11: 2 | J11: 4 | O11: =SUM(C11:N11) -> 23 | P11: =O11/$O$17 -> 0.011954262
A12: 9 | B12: SKODA AUTO VOLKSWAGEN INDIA PVT LTD | C12: 8 | D12: 6 | E12: 5 | F12: 3 | G12: 3 | H12: 3 | I12: 4 | J12: 3 | O12: =SUM(C12:N12) -> 35 | P12: =O12/$O$17 -> 0.018191268
A13: 10 | B13: TATA PASSENGER ELECTRIC MOBILITY LTD | C13: 0 | D13: 0 | E13: 0 | F13: 1 | G13: 6 | H13: 10 | I13: 16 | J13: 10 | O13: =SUM(C13:N13) -> 43 | P13: =O13/$O$17 -> 0.022349272
A14: 11 | B14: RENAULT INDIA PVT LTD | C14: 3 | D14: 2 | E14: 3 | F14: 1 | G14: 0 | H14: 3 | I14: 1 | J14: 2 | O14: =SUM(C14:N14) -> 15 | P14: =O14/$O$17 -> 0.0077962578
A15: 12 | B15: MG MOTOR INDIA PVT LTD | C15: 3 | D15: 3 | E15: 4 | F15: 1 | G15: 3 | H15: 2 | I15: 2 | J15: 3 | O15: =SUM(C15:N15) -> 21 | P15: =O15/$O$17 -> 0.010914761
A16: OTHERS | C16: 6 | D16: 9 | E16: 7 | F16: 7 | G16: 0 | H16: 5 | I16: 1 | J16: 4 | O16: =SUM(C16:N16) -> 39 | P16: =O16/$O$17 -> 0.02027027
A17: Total | C17: =SUM(C4:C16) -> 291 | D17: =SUM(D4:D16) -> 220 | E17: =SUM(E4:E16) -> 327 | F17: =SUM(F4:F16) -> 138 | G17: =SUM(G4:G16) -> 205 | H17: =SUM(H4:H16) -> 234 | I17: =SUM(I4:I16) -> 279 | J17: =SUM(J4:J16) -> 269 | K17: =SUM(K4:K15) -> 0 | L17: =SUM(L4:L15) -> 0 | M17: =SUM(M4:M15) -> 0 | N17: =SUM(N4:N15) -> 0 | O17: =SUM(O4:O15) -> 1924 | P17: =O17/$O$17 -> 1
B20: CLASSIC HYUNDAI - REGISTRATION | C20: 12 | D20: 4 | E20: 9 | F20: 2 | G20: 5 | H20: 12 | I20: 4 | J20: 14
B21: CO- DEALERS REGISTRATION | C21: =C5-C20 -> 15 | D21: =D5-D20 -> 22 | E21: =E5-E20 -> 16 | F21: =F5-F20 -> 9 | G21: =G5-G20 -> 20 | H21: =H5-H20 -> 11 | I21: =I5-I20 -> 25 | J21: =J5-J20 -> 12 | ... N21: =N5-N20 -> 0
B22: % OF CLASSIC HYUNDAI | C22: =C20/C5 -> 0.44444444 | D22: =D20/D5 -> 0.15384615 | E22: =E20/E5 -> 0.36 | F22: =F20/F5 -> 0.18181818 | G22: =G20/G5 -> 0.2 | H22: =H20/H5 -> 0.52173913 | I22: =I20/I5 -> 0.13793103 | J22: =J20/J5 -> 0.53846154 | ... N22: =N20/N5 -> #DIV/0!
B23: % OF CO- DEALER | C23: =C21/C5 -> 0.55555556 | D23: =D21/D5 -> 0.84615385 | E23: =E21/E5 -> 0.64 | F23: =F21/F5 -> 0.81818182 | G23: =G21/G5 -> 0.8 | H23: =H21/H5 -> 0.47826087 | I23: =I21/I5 -> 0.86206897 | J23: =J21/J5 -> 0.46153846 | ... N23: =N21/N5 -> #DIV/0!

Sheet Ponnani
A1: Maker Month Wise Data of PONNANI SRTO - KL54 , Kerala (2023)
A2: S No | B2: Maker | C2: Month Wise | O2: TOTAL | P2: %
C3: JAN | D3: FEB | E3: MAR | F3: APR | G3: MAY | H3: JUN | I3: JUL | J3: AUG | K3: SEP | L3: OCT | M3: NOV | N3: DEC
A4: 1 | B4: MARUTI SUZUKI INDIA LTD | C4: 66 | D4: 61 | E4: 87 | F4: 38 | G4: 70 | H4: 57 | I4: 88 | J4: 88 | O4: =SUM(C4:N4) -> 555 | P4: =O4/$O$17 -> 0.58606125
A5: 2 | B5: HYUNDAI MOTOR INDIA LTD | C5: 8 | D5: 6 | E5: 14 | F5: 12 | G5: 8 | H5: 10 | I5: 10 | J5: 11 | O5: =SUM(C5:N5) -> 79 | P5: =O5/$O$17 -> 0.083421331
A6: 3 | B6: TATA MOTORS PASSENGER VEHICLES LTD | C6: 12 | D6: 8 | E6: 12 | F6: 3 | G6: 7 | H6: 7 | I6: 8 | J6: 9 | O6: =SUM(C6:N6) -> 66 | P6: =O6/$O$17 -> 0.06969377
A7: 4 | B7: KIA MOTORS INDIA PVT LTD | C7: 7 | D7: 8 | E7: 14 | F7: 3 | G7: 4 | H7: 4 | I7: 8 | J7: 2 | O7: =SUM(C7:N7) -> 50 | P7: =O7/$O$17 -> 0.05279831
A8: 5 | B8: TOYOTA KIRLOSKAR MOTOR PVT LTD | C8: 5 | D8: 13 | E8: 11 | F8: 5 | G8: 12 | H8: 6 | I8: 11 | J8: 12 | O8: =SUM(C8:N8) -> 75 | P8: =O8/$O$17 -> 0.079197466
A9: 6 | B9: MAHINDRA & MAHINDRA LIMITED | C9: 4 | D9: 3 | E9: 6 | F9: 6 | G9: 3 | H9: 6 | I9: 5 | J9: 2 | O9: =SUM(C9:N9) -> 35 | P9: =O9/$O$17 -> 0.036958817
A10: 7 | B10: HONDA CARS INDIA LTD | C10: 2 | D10: 1 | E10: 2 | F10: 1 | G10: 1 | H10: 0 | I10: 0 | J10: 4 | O10: =SUM(C10:N10) -> 11 | P10: =O10/$O$17 -> 0.011615628
A11: 8 | B11: NISSAN MOTOR INDIA PVT LTD | C11: 8 | D11: 1 | E11: 3 | F11: 3 | G11: 3 | H11: 3 | I11: 8 | J11: 4 | O11: =SUM(C11:N11) -> 33 | P11: =O11/$O$17 -> 0.034846885
A12: 9 | B12: SKODA AUTO VOLKSWAGEN INDIA PVT LTD | C12: 2 | D12: 1 | E12: 0 | F12: 3 | G12: 0 | H12: 4 | I12: 4 | J12: 2 | O12: =SUM(C12:N12) -> 16 | P12: =O12/$O$17 -> 0.016895459
A13: 10 | B13: TATA PASSENGER ELECTRIC MOBILITY LTD | C13: 0 | D13: 0 | E13: 0 | F13: 1 | G13: 5 | H13: 4 | I13: 3 | J13: 1 | O13: =SUM(C13:N13) -> 14 | P13: =O13/$O$17 -> 0.014783527
A14: 11 | B14: RENAULT INDIA PVT LTD | C14: 2 | D14: 0 | E14: 2 | F14: 1 | G14: 0 | H14: 0 | I14: 1 | J14: 0 | O14: =SUM(C14:N14) -> 6 | P14: =O14/$O$17 -> 0.0063357973
A15: 12 | B15: MG MOTOR INDIA PVT LTD | C15: 1 | D15: 2 | E15: 1 | F15: 1 | G15: 1 | H15: 0 | I15: 0 | J15: 1 | O15: =SUM(C15:N15) -> 7 | P15: =O15/$O$17 -> 0.0073917635
A16: OTHERS | C16: 6 | D16: 4 | E16: 1 | F16: 1 | G16: 1 | H16: 2 | I16: 1 | J16: 1 | O16: =SUM(C16:N16) -> 17 | P16: =O16/$O$17 -> 0.017951426
A17: Total | C17: =SUM(C4:C16) -> 123 | D17: =SUM(D4:D16) -> 108 | E17: =SUM(E4:E16) -> 153 | F17: =SUM(F4:F16) -> 78 | G17: =SUM(G4:G16) -> 115 | H17: =SUM(H4:H16) -> 103 | I17: =SUM(I4:I16) -> 147 | J17: =SUM(J4:J16) -> 137 | K17: =SUM(K4:K15) -> 0 | L17: =SUM(L4:L15) -> 0 | M17: =SUM(M4:M15) -> 0 | N17: =SUM(N4:N15) -> 0 | O17: =SUM(O4:O15) -> 947 | P17: =O17/$O$17 -> 1
B20: CLASSIC HYUNDAI - REGISTRATION | C20: 1 | D20: 0 | E20: 3 | F20: 2 | G20: 1 | H20: 2 | I20: 4 | J20: 5
B21: CO- DEALERS REGISTRATION | C21: =C5-C20 -> 7 | D21: =D5-D20 -> 6 | E21: =E5-E20 -> 11 | F21: =F5-F20 -> 10 | G21: =G5-G20 -> 7 | H21: =H5-H20 -> 8 | I21: =I5-I20 -> 6 | J21: =J5-J20 -> 6 | ... N21: =N5-N20 -> 0
B22: % OF CLASSIC HYUNDAI | C22: =C20/C5 -> 0.125 | D22: =D20/D5 -> 0 | E22: =E20/E5 -> 0.21428571 | F22: =F20/F5 -> 0.16666667 | G22: =G20/G5 -> 0.125 | H22: =H20/H5 -> 0.2 | I22: =I20/I5 -> 0.4 | J22: =J20/J5 -> 0.45454545 | ... N22: =N20/N5 -> #DIV/0!
B23: % OF CO- DEALER | C23: =C21/C5 -> 0.875 | D23: =D21/D5 -> 1 | E23: =E21/E5 -> 0.78571429 | F23: =F21/F5 -> 0.83333333 | G23: =G21/G5 -> 0.875 | H23: =H21/H5 -> 0.8 | I23: =I21/I5 -> 0.6 | J23: =J21/J5 -> 0.54545455 | ... N23: =N21/N5 -> #DIV/0!

Sheet Consolidation
A1: Maker Month Wise Data of MALAPPURAM RTO - DISTRICT, Kerala (2023)
A2: S No | B2: Maker | C2: Month Wise | O2: TOTAL | P2: %
C3: JAN | D3: FEB | E3: MAR | F3: APR | G3: MAY | H3: JUN | I3: JUL | J3: AUG | K3: SEP | L3: OCT | M3: NOV | N3: DEC
A4: 1 | B4: MARUTI SUZUKI INDIA LTD | C4: =Malappuram!C4+Kondotty!C4+Nilambur!C4+Perinthalmanna!C4+Thirurangadi!C4+Tirur!C4+Ponnani!C4 -> 904 | D4: =Malappuram!D4+Kondotty!D4+Nilambur!D4+Perinthalmanna!D4+Thirurangadi!D4+Tirur!D4+Ponnani!D4 -> 682 | E4: =Malappuram!E4+Kondotty!E4+Nilambur!E4+Perinthalmanna!E4+Thirurangadi!E4+Tirur!E4+Ponnani!E4 -> 1113 | F4: =Malappuram!F4+Kondotty!F4+Nilambur!F4+Perinthalmanna!F4+Thirurangadi!F4+Tirur!F4+Ponnani!F4 -> 423 | G4: =Malappuram!G4+Kondotty!G4+Nilambur!G4+Perinthalmanna!G4+Thirurangadi!G4+Tirur!G4+Ponnani!G4 -> 702 | H4: =Malappuram!H4+Kondotty!H4+Nilambur!H4+Perinthalmanna!H4+Thirurangadi!H4+Tirur!H4+Ponnani!H4 -> 802 | I4: =Malappuram!I4+Kondotty!I4+Nilambur!I4+Perinthalmanna!I4+Thirurangadi!I4+Tirur!I4+Ponnani!I4 -> 890 | J4: =Malappuram!J4+Kondotty!J4+Nilambur!J4+Perinthalmanna!J4+Thirurangadi!J4+Tirur!J4+Ponnani!J4 -> 977 | ... N4: =Malappuram!N4+Kondotty!N4+Nilambur!N4+Perinthalmanna!N4+Thirurangadi!N4+Tirur!N4+Ponnani!N4 -> 0 | O4: =SUM(C4:N4) -> 6493 | P4: =O4/$O$17 -> 0.60523863
A5: 2 | B5: HYUNDAI MOTOR INDIA LTD | C5: =Malappuram!C5+Kondotty!C5+Nilambur!C5+Perinthalmanna!C5+Thirurangadi!C5+Tirur!C5+Ponnani!C5 -> 109 | D5: =Malappuram!D5+Kondotty!D5+Nilambur!D5+Perinthalmanna!D5+Thirurangadi!D5+Tirur!D5+Ponnani!D5 -> 103 | E5: =Malappuram!E5+Kondotty!E5+Nilambur!E5+Perinthalmanna!E5+Thirurangadi!E5+Tirur!E5+Ponnani!E5 -> 157 | F5: =Malappuram!F5+Kondotty!F5+Nilambur!F5+Perinthalmanna!F5+Thirurangadi!F5+Tirur!F5+Ponnani!F5 -> 76 | G5: =Malappuram!G5+Kondotty!G5+Nilambur!G5+Perinthalmanna!G5+Thirurangadi!G5+Tirur!G5+Ponnani!G5 -> 115 | H5: =Malappuram!H5+Kondotty!H5+Nilambur!H5+Perinthalmanna!H5+Thirurangadi!H5+Tirur!H5+Ponnani!H5 -> 113 | I5: =Malappuram!I5+Kondotty!I5+Nilambur!I5+Perinthalmanna!I5+Thirurangadi!I5+Tirur!I5+Ponnani!I5 -> 126 | J5: =Malappuram!J5+Kondotty!J5+Nilambur!J5+Perinthalmanna!J5+Thirurangadi!J5+Tirur!J5+Ponnani!J5 -> 146 | ... N5: =Malappuram!N5+Kondotty!N5+Nilambur!N5+Perinthalmanna!N5+Thirurangadi!N5+Tirur!N5+Ponnani!N5 -> 0 | O5: =SUM(C5:N5) -> 945 | P5: =O5/$O$17 -> 0.088087248
A6: 3 | B6: TATA MOTORS PASSENGER VEHICLES LTD | C6: =Malappuram!C6+Kondotty!C6+Nilambur!C6+Perinthalmanna!C6+Thirurangadi!C6+Tirur!C6+Ponnani!C6 -> 109 | D6: =Malappuram!D6+Kondotty!D6+Nilambur!D6+Perinthalmanna!D6+Thirurangadi!D6+Tirur!D6+Ponnani!D6 -> 101 | E6: =Malappuram!E6+Kondotty!E6+Nilambur!E6+Perinthalmanna!E6+Thirurangadi!E6+Tirur!E6+Ponnani!E6 -> 168 | F6: =Malappuram!F6+Kondotty!F6+Nilambur!F6+Perinthalmanna!F6+Thirurangadi!F6+Tirur!F6+Ponnani!F6 -> 97 | G6: =Malappuram!G6+Kondotty!G6+Nilambur!G6+Perinthalmanna!G6+Thirurangadi!G6+Tirur!G6+Ponnani!G6 -> 48 | H6: =Malappuram!H6+Kondotty!H6+Nilambur!H6+Perinthalmanna!H6+Thirurangadi!H6+Tirur!H6+Ponnani!H6 -> 58 | I6: =Malappuram!I6+Kondotty!I6+Nilambur!I6+Perinthalmanna!I6+Thirurangadi!I6+Tirur!I6+Ponnani!I6 -> 65 | J6: =Malappuram!J6+Kondotty!J6+Nilambur!J6+Perinthalmanna!J6+Thirurangadi!J6+Tirur!J6+Ponnani!J6 -> 73 | ... N6: =Malappuram!N6+Kondotty!N6+Nilambur!N6+Perinthalmanna!N6+Thirurangadi!N6+Tirur!N6+Ponnani!N6 -> 0 | O6: =SUM(C6:N6) -> 719 | P6: =O6/$O$17 -> 0.06702088
A7: 4 | B7: KIA MOTORS INDIA PVT LTD | C7: =Malappuram!C7+Kondotty!C7+Nilambur!C7+Perinthalmanna!C7+Thirurangadi!C7+Tirur!C7+Ponnani!C7 -> 72 | D7: =Malappuram!D7+Kondotty!D7+Nilambur!D7+Perinthalmanna!D7+Thirurangadi!D7+Tirur!D7+Ponnani!D7 -> 58 | E7: =Malappuram!E7+Kondotty!E7+Nilambur!E7+Perinthalmanna!E7+Thirurangadi!E7+Tirur!E7+Ponnani!E7 -> 110 | F7: =Malappuram!F7+Kondotty!F7+Nilambur!F7+Perinthalmanna!F7+Thirurangadi!F7+Tirur!F7+Ponnani!F7 -> 37 | G7: =Malappuram!G7+Kondotty!G7+Nilambur!G7+Perinthalmanna!G7+Thirurangadi!G7+Tirur!G7+Ponnani!G7 -> 62 | H7: =Malappuram!H7+Kondotty!H7+Nilambur!H7+Perinthalmanna!H7+Thirurangadi!H7+Tirur!H7+Ponnani!H7 -> 66 | I7: =Malappuram!I7+Kondotty!I7+Nilambur!I7+Perinthalmanna!I7+Thirurangadi!I7+Tirur!I7+Ponnani!I7 -> 74 | J7: =Malappuram!J7+Kondotty!J7+Nilambur!J7+Perinthalmanna!J7+Thirurangadi!J7+Tirur!J7+Ponnani!J7 -> 66 | ... N7: =Malappuram!N7+Kondotty!N7+Nilambur!N7+Perinthalmanna!N7+Thirurangadi!N7+Tirur!N7+Ponnani!N7 -> 0 | O7: =SUM(C7:N7) -> 545 | P7: =O7/$O$17 -> 0.050801641
A8: 5 | B8: TOYOTA KIRLOSKAR MOTOR PVT LTD | C8: =Malappuram!C8+Kondotty!C8+Nilambur!C8+Perinthalmanna!C8+Thirurangadi!C8+Tirur!C8+Ponnani!C8 -> 88 | D8: =Malappuram!D8+Kondotty!D8+Nilambur!D8+Perinthalmanna!D8+Thirurangadi!D8+Tirur!D8+Ponnani!D8 -> 98 | E8: =Malappuram!E8+Kondotty!E8+Nilambur!E8+Perinthalmanna!E8+Thirurangadi!E8+Tirur!E8+Ponnani!E8 -> 84 | F8: =Malappuram!F8+Kondotty!F8+Nilambur!F8+Perinthalmanna!F8+Thirurangadi!F8+Tirur!F8+Ponnani!F8 -> 49 | G8: =Malappuram!G8+Kondotty!G8+Nilambur!G8+Perinthalmanna!G8+Thirurangadi!G8+Tirur!G8+Ponnani!G8 -> 108 | H8: =Malappuram!H8+Kondotty!H8+Nilambur!H8+Perinthalmanna!H8+Thirurangadi!H8+Tirur!H8+Ponnani!H8 -> 89 | I8: =Malappuram!I8+Kondotty!I8+Nilambur!I8+Perinthalmanna!I8+Thirurangadi!I8+Tirur!I8+Ponnani!I8 -> 108 | J8: =Malappuram!J8+Kondotty!J8+Nilambur!J8+Perinthalmanna!J8+Thirurangadi!J8+Tirur!J8+Ponnani!J8 -> 94 | ... N8: =Malappuram!N8+Kondotty!N8+Nilambur!N8+Perinthalmanna!N8+Thirurangadi!N8+Tirur!N8+Ponnani!N8 -> 0 | O8: =SUM(C8:N8) -> 718 | P8: =O8/$O$17 -> 0.066927666
A9: 6 | B9: MAHINDRA & MAHINDRA LIMITED | C9: =Malappuram!C9+Kondotty!C9+Nilambur!C9+Perinthalmanna!C9+Thirurangadi!C9+Tirur!C9+Ponnani!C9 -> 39 | D9: =Malappuram!D9+Kondotty!D9+Nilambur!D9+Perinthalmanna!D9+Thirurangadi!D9+Tirur!D9+Ponnani!D9 -> 28 | E9: =Malappuram!E9+Kondotty!E9+Nilambur!E9+Perinthalmanna!E9+Thirurangadi!E9+Tirur!E9+Ponnani!E9 -> 45 | F9: =Malappuram!F9+Kondotty!F9+Nilambur!F9+Perinthalmanna!F9+Thirurangadi!F9+Tirur!F9+Ponnani!F9 -> 31 | G9: =Malappuram!G9+Kondotty!G9+Nilambur!G9+Perinthalmanna!G9+Thirurangadi!G9+Tirur!G9+Ponnani!G9 -> 31 | H9: =Malappuram!H9+Kondotty!H9+Nilambur!H9+Perinthalmanna!H9+Thirurangadi!H9+Tirur!H9+Ponnani!H9 -> 41 | I9: =Malappuram!I9+Kondotty!I9+Nilambur!I9+Perinthalmanna!I9+Thirurangadi!I9+Tirur!I9+Ponnani!I9 -> 30 | J9: =Malappuram!J9+Kondotty!J9+Nilambur!J9+Perinthalmanna!J9+Thirurangadi!J9+Tirur!J9+Ponnani!J9 -> 35 | ... N9: =Malappuram!N9+Kondotty!N9+Nilambur!N9+Perinthalmanna!N9+Thirurangadi!N9+Tirur!N9+Ponnani!N9 -> 0 | O9: =SUM(C9:N9) -> 280 | P9: =O9/$O$17 -> 0.026099925
A10: 7 | B10: HONDA CARS INDIA LTD | C10: =Malappuram!C10+Kondotty!C10+Nilambur!C10+Perinthalmanna!C10+Thirurangadi!C10+Tirur!C10+Ponnani!C10 -> 30 | D10: =Malappuram!D10+Kondotty!D10+Nilambur!D10+Perinthalmanna!D10+Thirurangadi!D10+Tirur!D10+Ponnani!D10 -> 20 | E10: =Malappuram!E10+Kondotty!E10+Nilambur!E10+Perinthalmanna!E10+Thirurangadi!E10+Tirur!E10+Ponnani!E10 -> 40 | F10: =Malappuram!F10+Kondotty!F10+Nilambur!F10+Perinthalmanna!F10+Thirurangadi!F10+Tirur!F10+Ponnani!F10 -> 15 | G10: =Malappuram!G10+Kondotty!G10+Nilambur!G10+Perinthalmanna!G10+Thirurangadi!G10+Tirur!G10+Ponnani!G10 -> 28 | H10: =Malappuram!H10+Kondotty!H10+Nilambur!H10+Perinthalmanna!H10+Thirurangadi!H10+Tirur!H10+Ponnani!H10 -> 20 | I10: =Malappuram!I10+Kondotty!I10+Nilambur!I10+Perinthalmanna!I10+Thirurangadi!I10+Tirur!I10+Ponnani!I10 -> 37 | J10: =Malappuram!J10+Kondotty!J10+Nilambur!J10+Perinthalmanna!J10+Thirurangadi!J10+Tirur!J10+Ponnani!J10 -> 25 | ... N10: =Malappuram!N10+Kondotty!N10+Nilambur!N10+Perinthalmanna!N10+Thirurangadi!N10+Tirur!N10+Ponnani!N10 -> 0 | O10: =SUM(C10:N10) -> 215 | P10: =O10/$O$17 -> 0.020041014
A11: 8 | B11: NISSAN MOTOR INDIA PVT LTD | C11: =Malappuram!C11+Kondotty!C11+Nilambur!C11+Perinthalmanna!C11+Thirurangadi!C11+Tirur!C11+Ponnani!C11 -> 33 | D11: =Malappuram!D11+Kondotty!D11+Nilambur!D11+Perinthalmanna!D11+Thirurangadi!D11+Tirur!D11+Ponnani!D11 -> 22 | E11: =Malappuram!E11+Kondotty!E11+Nilambur!E11+Perinthalmanna!E11+Thirurangadi!E11+Tirur!E11+Ponnani!E11 -> 31 | F11: =Malappuram!F11+Kondotty!F11+Nilambur!F11+Perinthalmanna!F11+Thirurangadi!F11+Tirur!F11+Ponnani!F11 -> 12 | G11: =Malappuram!G11+Kondotty!G11+Nilambur!G11+Perinthalmanna!G11+Thirurangadi!G11+Tirur!G11+Ponnani!G11 -> 19 | H11: =Malappuram!H11+Kondotty!H11+Nilambur!H11+Perinthalmanna!H11+Thirurangadi!H11+Tirur!H11+Ponnani!H11 -> 25 | I11: =Malappuram!I11+Kondotty!I11+Nilambur!I11+Perinthalmanna!I11+Thirurangadi!I11+Tirur!I11+Ponnani!I11 -> 35 | J11: =Malappuram!J11+Kondotty!J11+Nilambur!J11+Perinthalmanna!J11+Thirurangadi!J11+Tirur!J11+Ponnani!J11 -> 26 | ... N11: =Malappuram!N11+Kondotty!N11+Nilambur!N11+Perinthalmanna!N11+Thirurangadi!N11+Tirur!N11+Ponnani!N11 -> 0 | O11: =SUM(C11:N11) -> 203 | P11: =O11/$O$17 -> 0.018922446
A12: 9 | B12: SKODA AUTO VOLKSWAGEN INDIA PVT LTD | C12: =Malappuram!C12+Kondotty!C12+Nilambur!C12+Perinthalmanna!C12+Thirurangadi!C12+Tirur!C12+Ponnani!C12 -> 28 | D12: =Malappuram!D12+Kondotty!D12+Nilambur!D12+Perinthalmanna!D12+Thirurangadi!D12+Tirur!D12+Ponnani!D12 -> 20 | E12: =Malappuram!E12+Kondotty!E12+Nilambur!E12+Perinthalmanna!E12+Thirurangadi!E12+Tirur!E12+Ponnani!E12 -> 13 | F12: =Malappuram!F12+Kondotty!F12+Nilambur!F12+Perinthalmanna!F12+Thirurangadi!F12+Tirur!F12+Ponnani!F12 -> 15 | G12: =Malappuram!G12+Kondotty!G12+Nilambur!G12+Perinthalmanna!G12+Thirurangadi!G12+Tirur!G12+Ponnani!G12 -> 19 | H12: =Malappuram!H12+Kondotty!H12+Nilambur!H12+Perinthalmanna!H12+Thirurangadi!H12+Tirur!H12+Ponnani!H12 -> 17 | I12: =Malappuram!I12+Kondotty!I12+Nilambur!I12+Perinthalmanna!I12+Thirurangadi!I12+Tirur!I12+Ponnani!I12 -> 22 | J12: =Malappuram!J12+Kondotty!J12+Nilambur!J12+Perinthalmanna!J12+Thirurangadi!J12+Tirur!J12+Ponnani!J12 -> 20 | ... N12: =Malappuram!N12+Kondotty!N12+Nilambur!N12+Perinthalmanna!N12+Thirurangadi!N12+Tirur!N12+Ponnani!N12 -> 0 | O12: =SUM(C12:N12) -> 154 | P12: =O12/$O$17 -> 0.014354959
A13: 10 | B13: TATA PASSENGER ELECTRIC MOBILITY LTD | C13: =Malappuram!C13+Kondotty!C13+Nilambur!C13+Perinthalmanna!C13+Thirurangadi!C13+Tirur!C13+Ponnani!C13 -> 0 | D13: =Malappuram!D13+Kondotty!D13+Nilambur!D13+Perinthalmanna!D13+Thirurangadi!D13+Tirur!D13+Ponnani!D13 -> 0 | E13: =Malappuram!E13+Kondotty!E13+Nilambur!E13+Perinthalmanna!E13+Thirurangadi!E13+Tirur!E13+Ponnani!E13 -> 0 | F13: =Malappuram!F13+Kondotty!F13+Nilambur!F13+Perinthalmanna!F13+Thirurangadi!F13+Tirur!F13+Ponnani!F13 -> 12 | G13: =Malappuram!G13+Kondotty!G13+Nilambur!G13+Perinthalmanna!G13+Thirurangadi!G13+Tirur!G13+Ponnani!G13 -> 55 | H13: =Malappuram!H13+Kondotty!H13+Nilambur!H13+Perinthalmanna!H13+Thirurangadi!H13+Tirur!H13+Ponnani!H13 -> 53 | I13: =Malappuram!I13+Kondotty!I13+Nilambur!I13+Perinthalmanna!I13+Thirurangadi!I13+Tirur!I13+Ponnani!I13 -> 66 | J13: =Malappuram!J13+Kondotty!J13+Nilambur!J13+Perinthalmanna!J13+Thirurangadi!J13+Tirur!J13+Ponnani!J13 -> 61 | ... N13: =Malappuram!N13+Kondotty!N13+Nilambur!N13+Perinthalmanna!N13+Thirurangadi!N13+Tirur!N13+Ponnani!N13 -> 0 | O13: =SUM(C13:N13) -> 247 | P13: =O13/$O$17 -> 0.023023863
A14: 11 | B14: RENAULT INDIA PVT LTD | C14: =Malappuram!C14+Kondotty!C14+Nilambur!C14+Perinthalmanna!C14+Thirurangadi!C14+Tirur!C14+Ponnani!C14 -> 22 | D14: =Malappuram!D14+Kondotty!D14+Nilambur!D14+Perinthalmanna!D14+Thirurangadi!D14+Tirur!D14+Ponnani!D14 -> 10 | E14: =Malappuram!E14+Kondotty!E14+Nilambur!E14+Perinthalmanna!E14+Thirurangadi!E14+Tirur!E14+Ponnani!E14 -> 19 | F14: =Malappuram!F14+Kondotty!F14+Nilambur!F14+Perinthalmanna!F14+Thirurangadi!F14+Tirur!F14+Ponnani!F14 -> 8 | G14: =Malappuram!G14+Kondotty!G14+Nilambur!G14+Perinthalmanna!G14+Thirurangadi!G14+Tirur!G14+Ponnani!G14 -> 12 | H14: =Malappuram!H14+Kondotty!H14+Nilambur!H14+Perinthalmanna!H14+Thirurangadi!H14+Tirur!H14+Ponnani!H14 -> 18 | I14: =Malappuram!I14+Kondotty!I14+Nilambur!I14+Perinthalmanna!I14+Thirurangadi!I14+Tirur!I14+Ponnani!I14 -> 19 | J14: =Malappuram!J14+Kondotty!J14+Nilambur!J14+Perinthalmanna!J14+Thirurangadi!J14+Tirur!J14+Ponnani!J14 -> 18 | ... N14: =Malappuram!N14+Kondotty!N14+Nilambur!N14+Perinthalmanna!N14+Thirurangadi!N14+Tirur!N14+Ponnani!N14 -> 0 | O14: =SUM(C14:N14) -> 126 | P14: =O14/$O$17 -> 0.011744966
A15: 12 | B15: MG MOTOR INDIA PVT LTD | C15: =Malappuram!C15+Kondotty!C15+Nilambur!C15+Perinthalmanna!C15+Thirurangadi!C15+Tirur!C15+Ponnani!C15 -> 9 | D15: =Malappuram!D15+Kondotty!D15+Nilambur!D15+Perinthalmanna!D15+Thirurangadi!D15+Tirur!D15+Ponnani!D15 -> 9 | E15: =Malappuram!E15+Kondotty!E15+Nilambur!E15+Perinthalmanna!E15+Thirurangadi!E15+Tirur!E15+Ponnani!E15 -> 13 | F15: =Malappuram!F15+Kondotty!F15+Nilambur!F15+Perinthalmanna!F15+Thirurangadi!F15+Tirur!F15+Ponnani!F15 -> 5 | G15: =Malappuram!G15+Kondotty!G15+Nilambur!G15+Perinthalmanna!G15+Thirurangadi!G15+Tirur!G15+Ponnani!G15 -> 11 | H15: =Malappuram!H15+Kondotty!H15+Nilambur!H15+Perinthalmanna!H15+Thirurangadi!H15+Tirur!H15+Ponnani!H15 -> 14 | I15: =Malappuram!I15+Kondotty!I15+Nilambur!I15+Perinthalmanna!I15+Thirurangadi!I15+Tirur!I15+Ponnani!I15 -> 9 | J15: =Malappuram!J15+Kondotty!J15+Nilambur!J15+Perinthalmanna!J15+Thirurangadi!J15+Tirur!J15+Ponnani!J15 -> 13 | ... N15: =Malappuram!N15+Kondotty!N15+Nilambur!N15+Perinthalmanna!N15+Thirurangadi!N15+Tirur!N15+Ponnani!N15 -> 0 | O15: =SUM(C15:N15) -> 83 | P15: =O15/$O$17 -> 0.0077367636
A16: OTHERS
A17: Total | C17: =SUM(C4:C15) -> 1443 | D17: =SUM(D4:D15) -> 1151 | E17: =SUM(E4:E15) -> 1793 | F17: =SUM(F4:F15) -> 780 | G17: =SUM(G4:G15) -> 1210 | H17: =SUM(H4:H15) -> 1316 | I17: =SUM(I4:I15) -> 1481 | J17: =SUM(J4:J15) -> 1554 | ... N17: =SUM(N4:N15) -> 0 | O17: =SUM(C17:N17) -> 10728 | P17: =O17/$O$17 -> 1
B20: CLASSIC HYUNDAI - REGISTRATION | C20: =Malappuram!C20+Kondotty!C20+Nilambur!C20+Perinthalmanna!C20+Thirurangadi!C20+Tirur!C20+Ponnani!C20 -> 26 | D20: =Malappuram!D20+Kondotty!D20+Nilambur!D20+Perinthalmanna!D20+Thirurangadi!D20+Tirur!D20+Ponnani!D20 -> 19 | E20: =Malappuram!E20+Kondotty!E20+Nilambur!E20+Perinthalmanna!E20+Thirurangadi!E20+Tirur!E20+Ponnani!E20 -> 45 | F20: =Malappuram!F20+Kondotty!F20+Nilambur!F20+Perinthalmanna!F20+Thirurangadi!F20+Tirur!F20+Ponnani!F20 -> 14 | G20: =Malappuram!G20+Kondotty!G20+Nilambur!G20+Perinthalmanna!G20+Thirurangadi!G20+Tirur!G20+Ponnani!G20 -> 16 | H20: =Malappuram!H20+Kondotty!H20+Nilambur!H20+Perinthalmanna!H20+Thirurangadi!H20+Tirur!H20+Ponnani!H20 -> 32 | I20: =Malappuram!I20+Kondotty!I20+Nilambur!I20+Perinthalmanna!I20+Thirurangadi!I20+Tirur!I20+Ponnani!I20 -> 37 | J20: =Malappuram!J20+Kondotty!J20+Nilambur!J20+Perinthalmanna!J20+Thirurangadi!J20+Tirur!J20+Ponnani!J20 -> 57 | ... N20: =Malappuram!N20+Kondotty!N20+Nilambur!N20+Perinthalmanna!N20+Thirurangadi!N20+Tirur!N20+Ponnani!N20 -> 0
B21: CO- DEALERS REGISTRATION | C21: =C5-C20 -> 83 | D21: =D5-D20 -> 84 | E21: =E5-E20 -> 112 | F21: =F5-F20 -> 62 | G21: =G5-G20 -> 99 | H21: =H5-H20 -> 81 | I21: =I5-I20 -> 89 | J21: =J5-J20 -> 89 | ... N21: =N5-N20 -> 0
B22: % OF CLASSIC HYUNDAI | C22: =C20/C5 -> 0.23853211 | D22: =D20/D5 -> 0.18446602 | E22: =E20/E5 -> 0.2866242 | F22: =F20/F5 -> 0.18421053 | G22: =G20/G5 -> 0.13913043 | H22: =H20/H5 -> 0.28318584 | I22: =I20/I5 -> 0.29365079 | J22: =J20/J5 -> 0.39041096 | ... N22: =N20/N5 -> #DIV/0!
B23: % OF CO- DEALER | C23: =C21/C5 -> 0.76146789 | D23: =D21/D5 -> 0.81553398 | E23: =E21/E5 -> 0.7133758 | F23: =F21/F5 -> 0.81578947 | G23: =G21/G5 -> 0.86086957 | H23: =H21/H5 -> 0.71681416 | I23: =I21/I5 -> 0.70634921 | J23: =J21/J5 -> 0.60958904 | ... N23: =N21/N5 -> #DIV/0!
